id,student_id,transport_id,datum,afstand_km,status
1,1,1,2026-04-29,24,Aanwezig
2,1,1,2026-02-19,24,Aanwezig
3,1,1,2026-01-04,24,Te laat
4,1,7,2026-01-19,24,Afwezig
5,1,9,2026-01-10,24,Afwezig
6,2,10,2026-06-14,37,Te laat
7,2,5,2026-02-20,37,Te laat
8,2,4,2026-05-13,37,Afwezig
9,2,10,2026-06-29,37,Te laat
10,2,3,2026-05-27,37,Te laat
11,3,3,2026-05-25,2,Te laat
12,3,9,2026-04-28,2,Aanwezig
13,3,9,2026-02-11,2,Aanwezig
14,3,7,2026-05-23,2,Afwezig
15,3,8,2026-03-16,2,Aanwezig
16,4,1,2026-06-21,31,Afwezig
17,4,8,2026-04-21,31,Te laat
18,4,10,2026-03-06,31,Aanwezig
19,4,3,2026-04-06,31,Aanwezig
20,4,5,2026-01-10,31,Te laat
21,5,10,2026-04-19,15,Afwezig
22,5,10,2026-05-26,15,Afwezig
23,5,7,2026-03-14,15,Afwezig
24,5,10,2026-01-03,15,Aanwezig
25,5,10,2026-05-11,15,Afwezig
26,6,1,2026-01-25,21,Afwezig
27,6,8,2026-02-07,21,Afwezig
28,6,7,2026-03-18,21,Te laat
29,6,10,2026-03-25,21,Te laat
30,6,5,2026-03-13,21,Te laat
31,7,5,2026-05-22,39,Te laat
32,7,1,2026-02-03,39,Aanwezig
33,7,6,2026-04-21,39,Afwezig
34,7,4,2026-03-09,39,Afwezig
35,7,5,2026-05-18,39,Te laat
36,8,9,2026-04-12,7,Aanwezig
37,8,4,2026-05-30,7,Afwezig
38,8,4,2026-06-08,7,Te laat
39,8,4,2026-02-04,7,Afwezig
40,8,7,2026-04-10,7,Afwezig
41,9,8,2026-01-16,1,Te laat
42,9,10,2026-05-15,1,Te laat
43,9,4,2026-02-14,1,Aanwezig
44,9,3,2026-03-29,1,Te laat
45,9,4,2026-02-09,1,Afwezig
46,10,5,2026-01-26,21,Aanwezig
47,10,1,2026-02-16,21,Afwezig
48,10,2,2026-01-12,21,Aanwezig
49,10,10,2026-03-22,21,Afwezig
50,10,8,2026-03-20,21,Te laat
51,11,2,2026-01-02,17,Te laat
52,11,4,2026-01-04,17,Aanwezig
53,11,8,2026-06-08,17,Afwezig
54,11,4,2026-05-24,17,Te laat
55,11,1,2026-06-26,17,Afwezig
56,12,3,2026-01-23,15,Afwezig
57,12,6,2026-01-09,15,Afwezig
58,12,6,2026-02-01,15,Afwezig
59,12,9,2026-01-03,15,Aanwezig
60,12,6,2026-03-27,15,Te laat
61,13,1,2026-04-28,17,Aanwezig
62,13,5,2026-02-14,17,Afwezig
63,13,9,2026-06-25,17,Te laat
64,13,3,2026-06-03,17,Te laat
65,13,4,2026-06-27,17,Aanwezig
66,14,3,2026-01-17,8,Te laat
67,14,7,2026-01-05,8,Afwezig
68,14,3,2026-01-06,8,Afwezig
69,14,10,2026-05-01,8,Afwezig
70,14,10,2026-04-24,8,Afwezig
71,15,7,2026-05-22,40,Afwezig
72,15,2,2026-02-22,40,Aanwezig
73,15,1,2026-06-24,40,Te laat
74,15,2,2026-05-03,40,Te laat
75,15,10,2026-05-25,40,Aanwezig
76,16,8,2026-03-01,37,Te laat
77,16,2,2026-03-14,37,Afwezig
78,16,6,2026-06-22,37,Afwezig
79,16,8,2026-01-31,37,Te laat
80,16,2,2026-01-27,37,Aanwezig
81,17,1,2026-01-31,29,Afwezig
82,17,5,2026-01-27,29,Afwezig
83,17,10,2026-05-22,29,Aanwezig
84,17,1,2026-06-21,29,Te laat
85,17,2,2026-06-27,29,Aanwezig
86,18,6,2026-03-05,28,Afwezig
87,18,2,2026-01-06,28,Afwezig
88,18,5,2026-06-03,28,Aanwezig
89,18,1,2026-02-25,28,Te laat
90,18,10,2026-03-10,28,Afwezig
91,19,10,2026-03-23,28,Aanwezig
92,19,9,2026-03-02,28,Afwezig
93,19,4,2026-01-21,28,Te laat
94,19,8,2026-01-01,28,Te laat
95,19,7,2026-05-03,28,Afwezig
96,20,3,2026-01-10,25,Aanwezig
97,20,2,2026-04-12,25,Afwezig
98,20,5,2026-06-19,25,Afwezig
99,20,10,2026-05-07,25,Te laat
100,20,5,2026-03-18,25,Aanwezig
101,21,7,2026-03-31,6,Afwezig
102,21,2,2026-06-20,6,Te laat
103,21,9,2026-03-16,6,Afwezig
104,21,9,2026-05-10,6,Aanwezig
105,21,1,2026-06-17,6,Te laat
106,22,6,2026-05-04,29,Afwezig
107,22,7,2026-01-18,29,Afwezig
108,22,1,2026-01-07,29,Afwezig
109,22,4,2026-06-21,29,Te laat
110,22,4,2026-03-05,29,Aanwezig
111,23,8,2026-05-06,16,Te laat
112,23,5,2026-02-13,16,Aanwezig
113,23,7,2026-02-28,16,Te laat
114,23,10,2026-03-03,16,Afwezig
115,23,10,2026-03-04,16,Afwezig
116,24,5,2026-02-04,4,Afwezig
117,24,10,2026-05-07,4,Afwezig
118,24,7,2026-05-19,4,Afwezig
119,24,1,2026-02-21,4,Te laat
120,24,5,2026-03-31,4,Te laat
121,25,9,2026-01-01,39,Afwezig
122,25,1,2026-03-12,39,Afwezig
123,25,8,2026-05-20,39,Afwezig
124,25,2,2026-03-31,39,Afwezig
125,25,1,2026-03-31,39,Afwezig
126,26,3,2026-04-23,16,Aanwezig
127,26,8,2026-04-15,16,Te laat
128,26,6,2026-03-09,16,Te laat
129,26,4,2026-02-24,16,Aanwezig
130,26,2,2026-05-09,16,Afwezig
131,27,7,2026-03-26,29,Afwezig
132,27,4,2026-02-07,29,Te laat
133,27,7,2026-03-06,29,Te laat
134,27,5,2026-03-27,29,Afwezig
135,27,6,2026-06-10,29,Afwezig
136,28,1,2026-05-19,34,Aanwezig
137,28,5,2026-05-28,34,Te laat
138,28,5,2026-04-05,34,Te laat
139,28,1,2026-04-09,34,Aanwezig
140,28,10,2026-03-16,34,Aanwezig
141,29,6,2026-02-24,14,Afwezig
142,29,7,2026-04-14,14,Afwezig
143,29,6,2026-04-08,14,Afwezig
144,29,4,2026-06-10,14,Aanwezig
145,29,8,2026-01-24,14,Afwezig
146,30,9,2026-05-17,21,Aanwezig
147,30,3,2026-01-08,21,Aanwezig
148,30,2,2026-03-27,21,Aanwezig
149,30,7,2026-05-10,21,Afwezig
150,30,3,2026-05-20,21,Te laat
151,31,5,2026-06-30,28,Te laat
152,31,10,2026-06-22,28,Aanwezig
153,31,9,2026-06-23,28,Te laat
154,31,10,2026-03-10,28,Te laat
155,31,4,2026-03-10,28,Afwezig
156,32,5,2026-06-18,2,Te laat
157,32,8,2026-03-30,2,Aanwezig
158,32,10,2026-04-12,2,Te laat
159,32,4,2026-03-06,2,Afwezig
160,32,1,2026-06-21,2,Aanwezig
161,33,10,2026-02-28,29,Afwezig
162,33,5,2026-01-30,29,Aanwezig
163,33,3,2026-02-09,29,Te laat
164,33,9,2026-04-14,29,Te laat
165,33,5,2026-01-29,29,Afwezig
166,34,7,2026-02-06,14,Afwezig
167,34,7,2026-01-10,14,Aanwezig
168,34,4,2026-04-21,14,Afwezig
169,34,2,2026-01-31,14,Afwezig
170,34,4,2026-06-17,14,Te laat
171,35,8,2026-04-05,14,Te laat
172,35,2,2026-06-30,14,Te laat
173,35,9,2026-03-09,14,Afwezig
174,35,2,2026-05-29,14,Te laat
175,35,2,2026-05-18,14,Aanwezig
176,36,1,2026-03-31,34,Afwezig
177,36,8,2026-02-02,34,Te laat
178,36,6,2026-03-04,34,Te laat
179,36,8,2026-01-17,34,Te laat
180,36,1,2026-03-07,34,Afwezig
181,37,3,2026-05-12,18,Afwezig
182,37,4,2026-06-04,18,Afwezig
183,37,9,2026-01-15,18,Afwezig
184,37,2,2026-02-10,18,Aanwezig
185,37,1,2026-05-02,18,Aanwezig
186,38,10,2026-05-14,38,Aanwezig
187,38,8,2026-02-21,38,Te laat
188,38,10,2026-02-23,38,Te laat
189,38,6,2026-01-30,38,Aanwezig
190,38,10,2026-05-05,38,Afwezig
191,39,4,2026-06-19,25,Te laat
192,39,10,2026-05-04,25,Afwezig
193,39,4,2026-04-29,25,Te laat
194,39,10,2026-04-02,25,Te laat
195,39,3,2026-05-01,25,Afwezig
196,40,5,2026-06-21,18,Aanwezig
197,40,3,2026-01-14,18,Afwezig
198,40,1,2026-01-19,18,Afwezig
199,40,8,2026-03-11,18,Afwezig
200,40,4,2026-04-17,18,Aanwezig
201,41,4,2026-06-02,36,Aanwezig
202,41,4,2026-06-26,36,Aanwezig
203,41,4,2026-06-16,36,Aanwezig
204,41,9,2026-02-18,36,Afwezig
205,41,6,2026-04-19,36,Afwezig
206,42,8,2026-03-14,4,Aanwezig
207,42,6,2026-04-11,4,Te laat
208,42,6,2026-06-15,4,Afwezig
209,42,5,2026-04-01,4,Aanwezig
210,42,8,2026-06-28,4,Afwezig
211,43,1,2026-02-14,15,Afwezig
212,43,2,2026-06-08,15,Te laat
213,43,1,2026-05-05,15,Afwezig
214,43,2,2026-04-09,15,Afwezig
215,43,3,2026-02-01,15,Afwezig
216,44,8,2026-02-02,10,Aanwezig
217,44,8,2026-05-01,10,Te laat
218,44,1,2026-04-04,10,Aanwezig
219,44,9,2026-03-25,10,Te laat
220,44,6,2026-04-17,10,Aanwezig
221,45,2,2026-04-27,28,Aanwezig
222,45,10,2026-02-04,28,Aanwezig
223,45,3,2026-05-20,28,Aanwezig
224,45,2,2026-06-12,28,Te laat
225,45,8,2026-01-28,28,Te laat
226,46,3,2026-05-27,15,Aanwezig
227,46,9,2026-06-26,15,Aanwezig
228,46,6,2026-05-21,15,Te laat
229,46,8,2026-03-25,15,Te laat
230,46,5,2026-01-06,15,Afwezig
231,47,10,2026-02-04,4,Aanwezig
232,47,4,2026-04-17,4,Aanwezig
233,47,10,2026-02-12,4,Afwezig
234,47,1,2026-04-10,4,Afwezig
235,47,1,2026-03-09,4,Afwezig
236,48,9,2026-03-03,27,Te laat
237,48,2,2026-05-16,27,Te laat
238,48,3,2026-04-11,27,Aanwezig
239,48,2,2026-03-30,27,Afwezig
240,48,5,2026-02-26,27,Te laat
241,49,9,2026-03-31,14,Afwezig
242,49,3,2026-02-17,14,Aanwezig
243,49,1,2026-05-29,14,Te laat
244,49,6,2026-05-16,14,Aanwezig
245,49,9,2026-04-11,14,Te laat
246,50,10,2026-06-30,8,Te laat
247,50,2,2026-01-25,8,Aanwezig
248,50,6,2026-03-14,8,Afwezig
249,50,9,2026-02-01,8,Afwezig
250,50,8,2026-05-14,8,Te laat
251,51,6,2026-02-12,34,Te laat
252,51,4,2026-06-14,34,Te laat
253,51,2,2026-01-12,34,Te laat
254,51,3,2026-03-11,34,Te laat
255,51,3,2026-06-28,34,Aanwezig
256,52,6,2026-03-17,28,Aanwezig
257,52,4,2026-01-06,28,Te laat
258,52,1,2026-06-11,28,Afwezig
259,52,1,2026-03-06,28,Afwezig
260,52,8,2026-02-21,28,Aanwezig
261,53,9,2026-04-14,11,Afwezig
262,53,9,2026-03-15,11,Afwezig
263,53,9,2026-04-24,11,Aanwezig
264,53,3,2026-05-01,11,Aanwezig
265,53,3,2026-02-18,11,Aanwezig
266,54,7,2026-01-09,17,Aanwezig
267,54,3,2026-04-04,17,Te laat
268,54,3,2026-02-12,17,Aanwezig
269,54,2,2026-06-12,17,Afwezig
270,54,4,2026-03-30,17,Afwezig
271,55,4,2026-01-31,30,Aanwezig
272,55,3,2026-06-24,30,Te laat
273,55,7,2026-03-09,30,Afwezig
274,55,1,2026-03-18,30,Aanwezig
275,55,2,2026-03-25,30,Aanwezig
276,56,3,2026-06-03,38,Aanwezig
277,56,5,2026-05-13,38,Aanwezig
278,56,9,2026-01-22,38,Te laat
279,56,9,2026-03-26,38,Afwezig
280,56,5,2026-06-09,38,Te laat
281,57,4,2026-01-10,19,Afwezig
282,57,2,2026-03-01,19,Aanwezig
283,57,8,2026-02-25,19,Te laat
284,57,8,2026-03-08,19,Te laat
285,57,8,2026-03-19,19,Te laat
286,58,7,2026-06-20,4,Te laat
287,58,9,2026-02-04,4,Afwezig
288,58,7,2026-03-04,4,Aanwezig
289,58,7,2026-06-18,4,Afwezig
290,58,6,2026-01-23,4,Afwezig
291,59,3,2026-01-25,25,Aanwezig
292,59,9,2026-02-06,25,Afwezig
293,59,7,2026-02-25,25,Afwezig
294,59,2,2026-05-19,25,Aanwezig
295,59,3,2026-03-13,25,Aanwezig
296,60,2,2026-04-19,3,Aanwezig
297,60,10,2026-06-11,3,Afwezig
298,60,7,2026-02-05,3,Afwezig
299,60,3,2026-01-30,3,Te laat
300,60,10,2026-05-18,3,Te laat
301,61,2,2026-01-26,5,Te laat
302,61,5,2026-06-19,5,Afwezig
303,61,8,2026-03-18,5,Te laat
304,61,8,2026-05-01,5,Te laat
305,61,10,2026-06-25,5,Aanwezig
306,62,8,2026-04-18,6,Te laat
307,62,9,2026-01-05,6,Te laat
308,62,7,2026-05-26,6,Te laat
309,62,5,2026-01-09,6,Te laat
310,62,6,2026-04-09,6,Aanwezig
311,63,10,2026-01-07,15,Te laat
312,63,7,2026-06-19,15,Afwezig
313,63,7,2026-04-16,15,Te laat
314,63,2,2026-06-23,15,Te laat
315,63,1,2026-04-10,15,Afwezig
316,64,10,2026-03-14,39,Afwezig
317,64,4,2026-04-15,39,Afwezig
318,64,2,2026-02-24,39,Te laat
319,64,4,2026-02-06,39,Afwezig
320,64,5,2026-06-04,39,Aanwezig
321,65,2,2026-04-12,38,Afwezig
322,65,4,2026-05-12,38,Afwezig
323,65,1,2026-01-17,38,Afwezig
324,65,5,2026-04-07,38,Afwezig
325,65,6,2026-03-26,38,Aanwezig
326,66,5,2026-01-22,37,Afwezig
327,66,4,2026-02-12,37,Afwezig
328,66,5,2026-03-09,37,Afwezig
329,66,9,2026-03-09,37,Aanwezig
330,66,5,2026-06-21,37,Aanwezig
331,67,3,2026-04-29,13,Afwezig
332,67,5,2026-01-15,13,Afwezig
333,67,6,2026-05-26,13,Te laat
334,67,4,2026-05-23,13,Aanwezig
335,67,10,2026-01-16,13,Te laat
336,68,5,2026-03-17,36,Aanwezig
337,68,8,2026-06-21,36,Te laat
338,68,8,2026-05-26,36,Afwezig
339,68,5,2026-06-08,36,Te laat
340,68,10,2026-02-26,36,Aanwezig
341,69,6,2026-01-17,3,Afwezig
342,69,7,2026-06-12,3,Afwezig
343,69,9,2026-06-14,3,Afwezig
344,69,8,2026-06-27,3,Aanwezig
345,69,3,2026-02-15,3,Te laat
346,70,6,2026-03-22,17,Te laat
347,70,3,2026-04-19,17,Te laat
348,70,2,2026-05-02,17,Aanwezig
349,70,10,2026-06-28,17,Afwezig
350,70,8,2026-03-28,17,Aanwezig
351,71,9,2026-01-21,32,Afwezig
352,71,9,2026-02-09,32,Te laat
353,71,7,2026-02-18,32,Aanwezig
354,71,4,2026-05-03,32,Afwezig
355,71,9,2026-04-08,32,Afwezig
356,72,2,2026-04-13,12,Afwezig
357,72,2,2026-05-28,12,Te laat
358,72,5,2026-04-20,12,Aanwezig
359,72,1,2026-06-04,12,Te laat
360,72,6,2026-05-07,12,Te laat
361,73,2,2026-05-30,38,Te laat
362,73,8,2026-03-26,38,Aanwezig
363,73,8,2026-04-21,38,Te laat
364,73,7,2026-01-14,38,Afwezig
365,73,3,2026-06-09,38,Aanwezig
366,74,3,2026-05-19,38,Aanwezig
367,74,6,2026-01-31,38,Afwezig
368,74,2,2026-01-17,38,Te laat
369,74,7,2026-05-03,38,Afwezig
370,74,9,2026-03-10,38,Aanwezig
371,75,6,2026-05-08,22,Aanwezig
372,75,7,2026-04-01,22,Aanwezig
373,75,2,2026-02-21,22,Te laat
374,75,8,2026-06-14,22,Aanwezig
375,75,3,2026-06-26,22,Aanwezig
376,76,1,2026-06-09,4,Afwezig
377,76,10,2026-04-03,4,Te laat
378,76,6,2026-02-24,4,Afwezig
379,76,10,2026-02-10,4,Te laat
380,76,6,2026-02-25,4,Te laat
381,77,2,2026-04-09,14,Afwezig
382,77,1,2026-05-28,14,Aanwezig
383,77,4,2026-01-18,14,Afwezig
384,77,9,2026-01-13,14,Te laat
385,77,8,2026-01-28,14,Aanwezig
386,78,10,2026-01-22,3,Aanwezig
387,78,6,2026-06-22,3,Te laat
388,78,9,2026-06-15,3,Te laat
389,78,10,2026-05-30,3,Te laat
390,78,9,2026-04-20,3,Te laat
391,79,1,2026-04-08,39,Afwezig
392,79,9,2026-03-09,39,Aanwezig
393,79,9,2026-02-11,39,Afwezig
394,79,4,2026-03-01,39,Te laat
395,79,1,2026-03-01,39,Afwezig
396,80,9,2026-02-17,10,Te laat
397,80,2,2026-04-04,10,Te laat
398,80,8,2026-01-13,10,Aanwezig
399,80,9,2026-02-16,10,Afwezig
400,80,8,2026-05-08,10,Aanwezig
401,81,10,2026-05-14,34,Te laat
402,81,6,2026-01-28,34,Aanwezig
403,81,6,2026-02-01,34,Afwezig
404,81,5,2026-05-23,34,Aanwezig
405,81,3,2026-01-04,34,Afwezig
406,82,9,2026-05-06,20,Afwezig
407,82,7,2026-03-06,20,Aanwezig
408,82,2,2026-02-23,20,Te laat
409,82,5,2026-06-22,20,Afwezig
410,82,2,2026-01-13,20,Aanwezig
411,83,2,2026-01-30,29,Afwezig
412,83,5,2026-06-27,29,Te laat
413,83,5,2026-04-27,29,Afwezig
414,83,10,2026-01-01,29,Te laat
415,83,6,2026-03-18,29,Afwezig
416,84,10,2026-03-02,5,Te laat
417,84,10,2026-04-16,5,Afwezig
418,84,10,2026-04-13,5,Afwezig
419,84,6,2026-06-28,5,Afwezig
420,84,6,2026-05-28,5,Afwezig
421,85,2,2026-04-02,20,Afwezig
422,85,5,2026-01-21,20,Aanwezig
423,85,4,2026-03-28,20,Afwezig
424,85,10,2026-06-25,20,Afwezig
425,85,3,2026-01-27,20,Afwezig
426,86,7,2026-06-08,22,Te laat
427,86,4,2026-05-06,22,Aanwezig
428,86,2,2026-06-03,22,Te laat
429,86,9,2026-01-22,22,Te laat
430,86,3,2026-01-27,22,Afwezig
431,87,2,2026-04-03,17,Aanwezig
432,87,6,2026-05-30,17,Afwezig
433,87,8,2026-04-16,17,Aanwezig
434,87,5,2026-02-08,17,Aanwezig
435,87,3,2026-04-27,17,Te laat
436,88,6,2026-03-02,10,Afwezig
437,88,1,2026-06-17,10,Afwezig
438,88,3,2026-02-02,10,Afwezig
439,88,8,2026-06-25,10,Afwezig
440,88,8,2026-03-09,10,Te laat
441,89,10,2026-04-22,17,Te laat
442,89,4,2026-04-11,17,Afwezig
443,89,2,2026-03-21,17,Afwezig
444,89,8,2026-01-07,17,Aanwezig
445,89,3,2026-02-05,17,Te laat
446,90,10,2026-01-21,15,Aanwezig
447,90,1,2026-04-01,15,Afwezig
448,90,8,2026-01-07,15,Aanwezig
449,90,3,2026-06-16,15,Afwezig
450,90,2,2026-03-13,15,Aanwezig
451,91,3,2026-06-03,9,Te laat
452,91,2,2026-05-24,9,Aanwezig
453,91,8,2026-02-17,9,Te laat
454,91,7,2026-05-02,9,Te laat
455,91,2,2026-05-05,9,Te laat
456,92,5,2026-03-09,12,Te laat
457,92,3,2026-05-07,12,Te laat
458,92,8,2026-05-03,12,Te laat
459,92,2,2026-02-16,12,Te laat
460,92,3,2026-06-13,12,Afwezig
461,93,3,2026-04-12,2,Aanwezig
462,93,3,2026-05-12,2,Te laat
463,93,1,2026-02-15,2,Aanwezig
464,93,7,2026-04-26,2,Aanwezig
465,93,7,2026-05-16,2,Te laat
466,94,2,2026-05-07,14,Afwezig
467,94,5,2026-02-26,14,Te laat
468,94,5,2026-02-04,14,Aanwezig
469,94,2,2026-04-02,14,Te laat
470,94,3,2026-03-11,14,Aanwezig
471,95,5,2026-03-13,19,Aanwezig
472,95,4,2026-04-16,19,Te laat
473,95,1,2026-02-23,19,Afwezig
474,95,1,2026-01-08,19,Afwezig
475,95,10,2026-05-08,19,Afwezig
476,96,9,2026-04-28,23,Aanwezig
477,96,9,2026-06-29,23,Aanwezig
478,96,3,2026-01-10,23,Afwezig
479,96,10,2026-06-29,23,Aanwezig
480,96,8,2026-04-29,23,Aanwezig
481,97,1,2026-06-22,7,Aanwezig
482,97,6,2026-04-27,7,Te laat
483,97,10,2026-01-10,7,Te laat
484,97,5,2026-04-18,7,Aanwezig
485,97,5,2026-01-20,7,Afwezig
486,98,7,2026-06-27,24,Afwezig
487,98,2,2026-05-10,24,Te laat
488,98,6,2026-04-26,24,Aanwezig
489,98,9,2026-03-05,24,Te laat
490,98,5,2026-04-25,24,Te laat
491,99,9,2026-01-30,21,Afwezig
492,99,5,2026-02-17,21,Aanwezig
493,99,9,2026-05-01,21,Te laat
494,99,8,2026-01-04,21,Te laat
495,99,4,2026-03-21,21,Te laat
496,100,9,2026-04-30,16,Aanwezig
497,100,8,2026-03-05,16,Te laat
498,100,2,2026-04-12,16,Afwezig
499,100,3,2026-06-28,16,Te laat
500,100,6,2026-03-11,16,Te laat
501,101,6,2026-02-22,1,Te laat
502,101,1,2026-05-16,1,Aanwezig
503,101,7,2026-03-18,1,Afwezig
504,101,8,2026-02-25,1,Te laat
505,101,7,2026-05-22,1,Te laat
506,102,8,2026-02-01,18,Te laat
507,102,7,2026-05-19,18,Afwezig
508,102,7,2026-01-05,18,Afwezig
509,102,3,2026-02-28,18,Aanwezig
510,102,5,2026-03-17,18,Afwezig
511,103,6,2026-03-21,5,Aanwezig
512,103,9,2026-04-10,5,Afwezig
513,103,9,2026-01-30,5,Aanwezig
514,103,10,2026-04-15,5,Aanwezig
515,103,2,2026-01-21,5,Afwezig
516,104,9,2026-03-01,8,Aanwezig
517,104,6,2026-04-03,8,Afwezig
518,104,9,2026-05-29,8,Afwezig
519,104,3,2026-05-27,8,Aanwezig
520,104,2,2026-05-05,8,Te laat
521,105,8,2026-05-22,18,Aanwezig
522,105,4,2026-06-11,18,Te laat
523,105,9,2026-05-08,18,Aanwezig
524,105,4,2026-03-02,18,Aanwezig
525,105,4,2026-03-10,18,Afwezig
526,106,9,2026-01-25,11,Aanwezig
527,106,8,2026-01-29,11,Aanwezig
528,106,1,2026-05-05,11,Aanwezig
529,106,8,2026-06-16,11,Aanwezig
530,106,4,2026-03-12,11,Aanwezig
531,107,10,2026-04-25,37,Afwezig
532,107,7,2026-03-12,37,Te laat
533,107,4,2026-04-19,37,Afwezig
534,107,1,2026-05-19,37,Aanwezig
535,107,5,2026-06-26,37,Aanwezig
536,108,1,2026-03-22,28,Te laat
537,108,8,2026-04-13,28,Te laat
538,108,7,2026-03-20,28,Te laat
539,108,10,2026-05-17,28,Aanwezig
540,108,1,2026-04-30,28,Te laat
541,109,1,2026-03-29,19,Afwezig
542,109,3,2026-02-14,19,Aanwezig
543,109,1,2026-04-29,19,Te laat
544,109,3,2026-05-10,19,Aanwezig
545,109,9,2026-06-23,19,Afwezig
546,110,9,2026-02-09,16,Te laat
547,110,8,2026-04-24,16,Aanwezig
548,110,7,2026-01-01,16,Aanwezig
549,110,9,2026-02-02,16,Afwezig
550,110,9,2026-02-18,16,Afwezig
551,111,7,2026-06-25,37,Te laat
552,111,4,2026-02-17,37,Afwezig
553,111,9,2026-02-28,37,Afwezig
554,111,4,2026-05-30,37,Aanwezig
555,111,8,2026-03-20,37,Afwezig
556,112,5,2026-02-10,20,Afwezig
557,112,6,2026-01-18,20,Aanwezig
558,112,10,2026-02-08,20,Aanwezig
559,112,3,2026-03-08,20,Aanwezig
560,112,4,2026-03-24,20,Afwezig
561,113,5,2026-06-09,20,Aanwezig
562,113,10,2026-06-07,20,Te laat
563,113,5,2026-04-05,20,Te laat
564,113,10,2026-06-29,20,Aanwezig
565,113,4,2026-03-18,20,Afwezig
566,114,9,2026-03-12,40,Aanwezig
567,114,9,2026-02-01,40,Te laat
568,114,2,2026-01-09,40,Te laat
569,114,7,2026-05-07,40,Aanwezig
570,114,1,2026-01-26,40,Afwezig
571,115,6,2026-03-31,18,Afwezig
572,115,1,2026-04-23,18,Aanwezig
573,115,3,2026-05-05,18,Te laat
574,115,6,2026-05-27,18,Te laat
575,115,1,2026-05-08,18,Aanwezig
576,116,10,2026-06-28,1,Afwezig
577,116,7,2026-04-16,1,Afwezig
578,116,5,2026-03-07,1,Afwezig
579,116,3,2026-05-02,1,Afwezig
580,116,5,2026-03-01,1,Te laat
581,117,7,2026-06-23,23,Aanwezig
582,117,10,2026-06-09,23,Afwezig
583,117,2,2026-04-30,23,Aanwezig
584,117,7,2026-05-06,23,Te laat
585,117,8,2026-06-29,23,Te laat
586,118,5,2026-04-06,21,Aanwezig
587,118,6,2026-03-09,21,Te laat
588,118,6,2026-04-12,21,Afwezig
589,118,5,2026-05-14,21,Aanwezig
590,118,2,2026-05-13,21,Te laat
591,119,10,2026-03-18,8,Aanwezig
592,119,8,2026-06-28,8,Te laat
593,119,1,2026-02-15,8,Aanwezig
594,119,5,2026-05-11,8,Afwezig
595,119,9,2026-06-29,8,Te laat
596,120,3,2026-04-08,36,Afwezig
597,120,9,2026-04-28,36,Aanwezig
598,120,6,2026-02-09,36,Te laat
599,120,1,2026-03-25,36,Aanwezig
600,120,5,2026-04-02,36,Te laat
601,121,7,2026-05-06,23,Afwezig
602,121,2,2026-06-17,23,Afwezig
603,121,4,2026-03-25,23,Afwezig
604,121,5,2026-04-27,23,Afwezig
605,121,3,2026-02-25,23,Afwezig
606,122,6,2026-04-08,32,Aanwezig
607,122,9,2026-01-02,32,Te laat
608,122,5,2026-03-08,32,Afwezig
609,122,5,2026-02-05,32,Te laat
610,122,1,2026-05-11,32,Aanwezig
611,123,1,2026-02-27,31,Aanwezig
612,123,5,2026-02-15,31,Te laat
613,123,2,2026-02-10,31,Afwezig
614,123,7,2026-06-09,31,Aanwezig
615,123,2,2026-02-02,31,Te laat
616,124,7,2026-01-15,27,Te laat
617,124,7,2026-04-21,27,Afwezig
618,124,6,2026-04-30,27,Te laat
619,124,6,2026-06-09,27,Afwezig
620,124,3,2026-03-24,27,Aanwezig
621,125,6,2026-06-06,18,Te laat
622,125,3,2026-03-12,18,Aanwezig
623,125,10,2026-05-08,18,Afwezig
624,125,1,2026-05-29,18,Afwezig
625,125,10,2026-03-24,18,Te laat
626,126,9,2026-01-05,23,Afwezig
627,126,6,2026-01-03,23,Afwezig
628,126,8,2026-01-31,23,Afwezig
629,126,2,2026-02-10,23,Aanwezig
630,126,7,2026-06-14,23,Aanwezig
631,127,4,2026-04-19,39,Afwezig
632,127,3,2026-05-01,39,Te laat
633,127,1,2026-03-26,39,Afwezig
634,127,2,2026-01-22,39,Te laat
635,127,10,2026-01-04,39,Afwezig
636,128,5,2026-06-06,28,Te laat
637,128,5,2026-06-29,28,Afwezig
638,128,10,2026-06-17,28,Aanwezig
639,128,8,2026-04-13,28,Te laat
640,128,2,2026-03-21,28,Aanwezig
641,129,4,2026-03-02,23,Te laat
642,129,10,2026-06-18,23,Afwezig
643,129,5,2026-04-18,23,Afwezig
644,129,4,2026-05-27,23,Te laat
645,129,5,2026-05-09,23,Te laat
646,130,3,2026-06-22,39,Aanwezig
647,130,2,2026-05-02,39,Te laat
648,130,1,2026-04-10,39,Te laat
649,130,5,2026-01-04,39,Aanwezig
650,130,1,2026-06-21,39,Te laat
651,131,3,2026-01-30,9,Aanwezig
652,131,5,2026-06-08,9,Te laat
653,131,10,2026-05-21,9,Aanwezig
654,131,1,2026-05-26,9,Te laat
655,131,8,2026-05-26,9,Aanwezig
656,132,5,2026-04-05,13,Afwezig
657,132,5,2026-04-15,13,Aanwezig
658,132,2,2026-06-06,13,Aanwezig
659,132,5,2026-03-21,13,Te laat
660,132,1,2026-03-08,13,Te laat
661,133,3,2026-01-17,20,Afwezig
662,133,4,2026-04-07,20,Te laat
663,133,9,2026-03-10,20,Aanwezig
664,133,1,2026-01-17,20,Te laat
665,133,2,2026-04-22,20,Aanwezig
666,134,2,2026-04-08,35,Afwezig
667,134,9,2026-05-01,35,Aanwezig
668,134,1,2026-06-17,35,Afwezig
669,134,2,2026-03-03,35,Te laat
670,134,4,2026-01-23,35,Te laat
671,135,5,2026-06-22,3,Te laat
672,135,10,2026-06-10,3,Aanwezig
673,135,8,2026-01-26,3,Afwezig
674,135,2,2026-04-15,3,Te laat
675,135,5,2026-03-31,3,Aanwezig
676,136,8,2026-01-18,27,Te laat
677,136,9,2026-04-07,27,Afwezig
678,136,10,2026-02-23,27,Aanwezig
679,136,8,2026-05-26,27,Afwezig
680,136,7,2026-06-15,27,Afwezig
681,137,3,2026-05-16,34,Afwezig
682,137,4,2026-01-17,34,Te laat
683,137,4,2026-06-18,34,Afwezig
684,137,6,2026-01-22,34,Afwezig
685,137,3,2026-01-10,34,Afwezig
686,138,9,2026-06-22,32,Afwezig
687,138,7,2026-02-16,32,Aanwezig
688,138,3,2026-05-24,32,Aanwezig
689,138,2,2026-04-03,32,Te laat
690,138,6,2026-02-01,32,Aanwezig
691,139,3,2026-02-18,19,Aanwezig
692,139,4,2026-04-29,19,Aanwezig
693,139,10,2026-04-30,19,Te laat
694,139,1,2026-03-21,19,Aanwezig
695,139,7,2026-04-14,19,Afwezig
696,140,1,2026-05-08,8,Afwezig
697,140,8,2026-04-30,8,Aanwezig
698,140,7,2026-06-09,8,Te laat
699,140,9,2026-02-28,8,Afwezig
700,140,2,2026-03-10,8,Afwezig
701,141,4,2026-01-09,38,Aanwezig
702,141,1,2026-01-21,38,Afwezig
703,141,5,2026-05-14,38,Aanwezig
704,141,4,2026-04-14,38,Afwezig
705,141,6,2026-02-04,38,Aanwezig
706,142,10,2026-05-15,21,Aanwezig
707,142,4,2026-05-10,21,Aanwezig
708,142,2,2026-04-25,21,Te laat
709,142,10,2026-03-12,21,Te laat
710,142,8,2026-02-02,21,Aanwezig
711,143,8,2026-05-05,18,Te laat
712,143,6,2026-05-02,18,Aanwezig
713,143,1,2026-03-12,18,Aanwezig
714,143,7,2026-01-11,18,Aanwezig
715,143,2,2026-06-14,18,Afwezig
716,144,10,2026-05-28,5,Aanwezig
717,144,2,2026-06-19,5,Afwezig
718,144,2,2026-03-06,5,Te laat
719,144,8,2026-04-26,5,Aanwezig
720,144,3,2026-04-15,5,Afwezig
721,145,9,2026-01-10,18,Afwezig
722,145,9,2026-01-07,18,Aanwezig
723,145,6,2026-06-08,18,Te laat
724,145,6,2026-04-27,18,Aanwezig
725,145,9,2026-06-15,18,Te laat
726,146,1,2026-06-01,4,Te laat
727,146,7,2026-04-22,4,Afwezig
728,146,5,2026-06-25,4,Aanwezig
729,146,6,2026-05-18,4,Afwezig
730,146,7,2026-01-06,4,Aanwezig
731,147,9,2026-02-06,22,Aanwezig
732,147,10,2026-01-10,22,Te laat
733,147,10,2026-04-16,22,Aanwezig
734,147,4,2026-04-06,22,Afwezig
735,147,10,2026-06-25,22,Afwezig
736,148,1,2026-05-02,10,Te laat
737,148,9,2026-03-08,10,Afwezig
738,148,10,2026-02-15,10,Afwezig
739,148,10,2026-01-20,10,Te laat
740,148,1,2026-01-10,10,Te laat
741,149,1,2026-06-07,18,Aanwezig
742,149,5,2026-01-13,18,Aanwezig
743,149,6,2026-01-12,18,Aanwezig
744,149,5,2026-03-14,18,Aanwezig
745,149,8,2026-06-01,18,Te laat
746,150,5,2026-05-08,3,Afwezig
747,150,4,2026-01-11,3,Te laat
748,150,8,2026-03-09,3,Aanwezig
749,150,4,2026-02-25,3,Afwezig
750,150,10,2026-05-16,3,Aanwezig
751,151,5,2026-04-06,14,Aanwezig
752,151,6,2026-04-13,14,Te laat
753,151,10,2026-06-27,14,Te laat
754,151,2,2026-03-10,14,Te laat
755,151,6,2026-01-04,14,Afwezig
756,152,7,2026-05-02,31,Aanwezig
757,152,5,2026-05-18,31,Afwezig
758,152,2,2026-06-08,31,Aanwezig
759,152,4,2026-06-11,31,Te laat
760,152,2,2026-06-21,31,Te laat
761,153,1,2026-02-11,25,Afwezig
762,153,1,2026-03-07,25,Aanwezig
763,153,5,2026-06-05,25,Aanwezig
764,153,3,2026-05-10,25,Afwezig
765,153,5,2026-04-03,25,Afwezig
766,154,8,2026-04-03,31,Aanwezig
767,154,7,2026-05-05,31,Te laat
768,154,10,2026-01-15,31,Aanwezig
769,154,10,2026-06-24,31,Afwezig
770,154,2,2026-03-23,31,Te laat
771,155,2,2026-05-16,36,Aanwezig
772,155,6,2026-04-23,36,Te laat
773,155,5,2026-02-22,36,Te laat
774,155,6,2026-02-23,36,Aanwezig
775,155,8,2026-03-13,36,Te laat
776,156,8,2026-06-21,29,Afwezig
777,156,3,2026-06-01,29,Aanwezig
778,156,2,2026-04-25,29,Afwezig
779,156,8,2026-01-03,29,Te laat
780,156,8,2026-03-12,29,Aanwezig
781,157,4,2026-05-24,35,Aanwezig
782,157,9,2026-04-01,35,Te laat
783,157,6,2026-06-24,35,Afwezig
784,157,9,2026-06-19,35,Afwezig
785,157,6,2026-03-28,35,Te laat
786,158,5,2026-05-21,25,Afwezig
787,158,3,2026-05-29,25,Te laat
788,158,6,2026-05-25,25,Te laat
789,158,6,2026-06-08,25,Afwezig
790,158,2,2026-04-27,25,Te laat
791,159,3,2026-03-12,36,Te laat
792,159,2,2026-05-29,36,Aanwezig
793,159,8,2026-05-09,36,Te laat
794,159,2,2026-05-18,36,Aanwezig
795,159,7,2026-03-08,36,Te laat
796,160,1,2026-03-20,4,Aanwezig
797,160,1,2026-02-18,4,Aanwezig
798,160,10,2026-04-09,4,Afwezig
799,160,6,2026-03-02,4,Aanwezig
800,160,9,2026-06-01,4,Aanwezig
801,161,4,2026-03-09,26,Aanwezig
802,161,8,2026-02-16,26,Afwezig
803,161,8,2026-02-08,26,Te laat
804,161,8,2026-01-06,26,Afwezig
805,161,9,2026-04-12,26,Te laat
806,162,10,2026-03-02,27,Aanwezig
807,162,3,2026-02-17,27,Afwezig
808,162,3,2026-05-16,27,Aanwezig
809,162,5,2026-04-02,27,Te laat
810,162,5,2026-01-08,27,Te laat
811,163,8,2026-05-23,10,Aanwezig
812,163,2,2026-05-15,10,Afwezig
813,163,4,2026-01-16,10,Te laat
814,163,6,2026-05-21,10,Aanwezig
815,163,10,2026-01-31,10,Te laat
816,164,4,2026-04-13,30,Te laat
817,164,5,2026-05-08,30,Afwezig
818,164,10,2026-06-17,30,Afwezig
819,164,5,2026-02-04,30,Te laat
820,164,6,2026-04-03,30,Aanwezig
821,165,4,2026-05-10,29,Aanwezig
822,165,5,2026-02-25,29,Aanwezig
823,165,8,2026-06-08,29,Afwezig
824,165,1,2026-06-12,29,Te laat
825,165,4,2026-06-04,29,Afwezig
826,166,5,2026-05-21,40,Afwezig
827,166,7,2026-03-11,40,Afwezig
828,166,1,2026-04-08,40,Te laat
829,166,8,2026-06-27,40,Te laat
830,166,6,2026-05-26,40,Afwezig
831,167,3,2026-06-07,21,Te laat
832,167,7,2026-02-18,21,Te laat
833,167,8,2026-02-28,21,Afwezig
834,167,8,2026-02-26,21,Te laat
835,167,8,2026-02-02,21,Afwezig
836,168,9,2026-02-18,7,Te laat
837,168,3,2026-01-19,7,Te laat
838,168,3,2026-02-01,7,Afwezig
839,168,9,2026-03-19,7,Aanwezig
840,168,4,2026-03-23,7,Te laat
841,169,3,2026-06-22,24,Afwezig
842,169,7,2026-05-25,24,Te laat
843,169,3,2026-06-09,24,Aanwezig
844,169,1,2026-03-05,24,Aanwezig
845,169,5,2026-01-28,24,Te laat
846,170,5,2026-04-22,26,Afwezig
847,170,6,2026-04-30,26,Aanwezig
848,170,8,2026-06-15,26,Afwezig
849,170,4,2026-05-27,26,Te laat
850,170,10,2026-02-03,26,Te laat
851,171,5,2026-05-01,28,Afwezig
852,171,1,2026-02-10,28,Te laat
853,171,10,2026-05-05,28,Aanwezig
854,171,6,2026-06-28,28,Te laat
855,171,1,2026-03-15,28,Te laat
856,172,2,2026-02-15,34,Aanwezig
857,172,5,2026-01-15,34,Afwezig
858,172,2,2026-05-06,34,Te laat
859,172,7,2026-02-28,34,Aanwezig
860,172,8,2026-05-21,34,Afwezig
861,173,9,2026-04-02,4,Afwezig
862,173,4,2026-03-02,4,Afwezig
863,173,8,2026-06-02,4,Aanwezig
864,173,7,2026-04-06,4,Aanwezig
865,173,5,2026-05-12,4,Aanwezig
866,174,4,2026-02-05,10,Afwezig
867,174,8,2026-04-13,10,Aanwezig
868,174,6,2026-03-23,10,Aanwezig
869,174,10,2026-02-19,10,Te laat
870,174,8,2026-06-15,10,Afwezig
871,175,1,2026-04-29,18,Aanwezig
872,175,5,2026-01-14,18,Aanwezig
873,175,8,2026-01-31,18,Aanwezig
874,175,1,2026-04-17,18,Te laat
875,175,10,2026-04-10,18,Afwezig
876,176,10,2026-02-27,3,Afwezig
877,176,5,2026-03-30,3,Aanwezig
878,176,3,2026-05-25,3,Aanwezig
879,176,1,2026-01-09,3,Aanwezig
880,176,3,2026-06-10,3,Afwezig
881,177,4,2026-06-07,37,Aanwezig
882,177,4,2026-02-11,37,Aanwezig
883,177,9,2026-04-07,37,Te laat
884,177,9,2026-03-23,37,Te laat
885,177,3,2026-06-13,37,Afwezig
886,178,3,2026-06-04,21,Aanwezig
887,178,7,2026-03-06,21,Te laat
888,178,7,2026-05-04,21,Aanwezig
889,178,10,2026-05-11,21,Afwezig
890,178,5,2026-01-15,21,Aanwezig
891,179,10,2026-05-27,20,Afwezig
892,179,5,2026-01-23,20,Afwezig
893,179,1,2026-05-28,20,Afwezig
894,179,2,2026-04-18,20,Afwezig
895,179,1,2026-02-06,20,Te laat
896,180,7,2026-01-12,38,Aanwezig
897,180,7,2026-05-02,38,Afwezig
898,180,9,2026-03-20,38,Te laat
899,180,6,2026-04-28,38,Te laat
900,180,10,2026-04-02,38,Te laat
901,181,2,2026-05-29,19,Afwezig
902,181,10,2026-01-29,19,Afwezig
903,181,5,2026-05-06,19,Afwezig
904,181,5,2026-05-19,19,Aanwezig
905,181,5,2026-01-20,19,Aanwezig
906,182,4,2026-06-06,31,Te laat
907,182,7,2026-01-05,31,Afwezig
908,182,9,2026-02-08,31,Afwezig
909,182,2,2026-04-19,31,Aanwezig
910,182,3,2026-01-21,31,Te laat
911,183,2,2026-03-18,16,Afwezig
912,183,9,2026-01-12,16,Te laat
913,183,8,2026-04-05,16,Aanwezig
914,183,9,2026-01-30,16,Te laat
915,183,1,2026-02-12,16,Aanwezig
916,184,4,2026-03-10,35,Aanwezig
917,184,4,2026-02-27,35,Aanwezig
918,184,6,2026-06-20,35,Afwezig
919,184,1,2026-04-05,35,Afwezig
920,184,8,2026-02-02,35,Afwezig
921,185,10,2026-03-05,36,Te laat
922,185,1,2026-02-05,36,Afwezig
923,185,10,2026-03-31,36,Te laat
924,185,9,2026-05-29,36,Afwezig
925,185,9,2026-05-08,36,Aanwezig
926,186,6,2026-03-20,33,Te laat
927,186,3,2026-02-01,33,Te laat
928,186,10,2026-04-02,33,Te laat
929,186,1,2026-05-12,33,Te laat
930,186,8,2026-04-27,33,Te laat
931,187,8,2026-01-03,14,Afwezig
932,187,4,2026-02-12,14,Te laat
933,187,2,2026-03-10,14,Te laat
934,187,4,2026-05-20,14,Aanwezig
935,187,5,2026-06-08,14,Te laat
936,188,4,2026-03-09,17,Aanwezig
937,188,1,2026-05-07,17,Aanwezig
938,188,10,2026-01-02,17,Afwezig
939,188,2,2026-05-12,17,Te laat
940,188,7,2026-02-20,17,Afwezig
941,189,5,2026-04-13,26,Te laat
942,189,2,2026-02-22,26,Aanwezig
943,189,6,2026-01-26,26,Afwezig
944,189,1,2026-05-05,26,Aanwezig
945,189,2,2026-02-17,26,Aanwezig
946,190,9,2026-05-10,36,Te laat
947,190,10,2026-03-25,36,Afwezig
948,190,7,2026-04-11,36,Te laat
949,190,1,2026-03-22,36,Aanwezig
950,190,8,2026-03-15,36,Afwezig
951,191,4,2026-01-23,2,Te laat
952,191,3,2026-01-21,2,Afwezig
953,191,4,2026-01-07,2,Te laat
954,191,6,2026-01-02,2,Afwezig
955,191,7,2026-02-25,2,Aanwezig
956,192,8,2026-04-09,19,Aanwezig
957,192,2,2026-05-11,19,Afwezig
958,192,8,2026-03-02,19,Afwezig
959,192,9,2026-03-08,19,Aanwezig
960,192,2,2026-06-22,19,Afwezig
961,193,9,2026-05-20,16,Afwezig
962,193,2,2026-05-31,16,Aanwezig
963,193,8,2026-02-24,16,Afwezig
964,193,3,2026-06-18,16,Afwezig
965,193,6,2026-05-09,16,Afwezig
966,194,1,2026-03-10,6,Te laat
967,194,9,2026-02-24,6,Aanwezig
968,194,9,2026-02-05,6,Te laat
969,194,8,2026-05-09,6,Afwezig
970,194,9,2026-06-15,6,Afwezig
971,195,5,2026-04-14,22,Afwezig
972,195,4,2026-01-05,22,Aanwezig
973,195,8,2026-02-19,22,Te laat
974,195,8,2026-01-24,22,Te laat
975,195,4,2026-06-28,22,Afwezig
976,196,10,2026-01-29,26,Te laat
977,196,8,2026-06-17,26,Aanwezig
978,196,1,2026-04-22,26,Te laat
979,196,8,2026-01-27,26,Te laat
980,196,3,2026-05-02,26,Afwezig
981,197,4,2026-03-13,40,Afwezig
982,197,1,2026-01-29,40,Te laat
983,197,10,2026-05-22,40,Te laat
984,197,7,2026-01-19,40,Afwezig
985,197,9,2026-04-12,40,Te laat
986,198,5,2026-03-31,26,Aanwezig
987,198,4,2026-06-30,26,Aanwezig
988,198,2,2026-02-17,26,Afwezig
989,198,10,2026-01-26,26,Aanwezig
990,198,10,2026-05-06,26,Afwezig
991,199,1,2026-05-11,28,Afwezig
992,199,7,2026-02-09,28,Te laat
993,199,2,2026-06-11,28,Afwezig
994,199,2,2026-06-18,28,Aanwezig
995,199,6,2026-04-12,28,Aanwezig
996,200,2,2026-05-05,34,Aanwezig
997,200,2,2026-05-15,34,Aanwezig
998,200,9,2026-05-19,34,Te laat
999,200,4,2026-02-06,34,Afwezig
1000,200,8,2026-05-01,34,Aanwezig
1001,201,8,2026-05-04,8,Te laat
1002,201,4,2026-05-14,8,Aanwezig
1003,201,1,2026-03-19,8,Aanwezig
1004,201,8,2026-05-31,8,Afwezig
1005,201,2,2026-05-11,8,Aanwezig
1006,202,8,2026-05-08,28,Afwezig
1007,202,8,2026-03-21,28,Afwezig
1008,202,9,2026-04-05,28,Aanwezig
1009,202,3,2026-03-23,28,Te laat
1010,202,7,2026-03-27,28,Afwezig
1011,203,5,2026-06-13,17,Te laat
1012,203,2,2026-06-18,17,Te laat
1013,203,5,2026-02-04,17,Aanwezig
1014,203,5,2026-02-27,17,Afwezig
1015,203,5,2026-01-04,17,Te laat
1016,204,2,2026-02-01,6,Aanwezig
1017,204,10,2026-04-26,6,Afwezig
1018,204,2,2026-01-31,6,Te laat
1019,204,8,2026-04-15,6,Te laat
1020,204,8,2026-01-01,6,Aanwezig
1021,205,1,2026-06-22,34,Te laat
1022,205,5,2026-04-01,34,Afwezig
1023,205,2,2026-06-08,34,Afwezig
1024,205,6,2026-04-28,34,Aanwezig
1025,205,7,2026-06-05,34,Aanwezig
1026,206,2,2026-05-12,24,Aanwezig
1027,206,4,2026-05-26,24,Te laat
1028,206,7,2026-05-17,24,Te laat
1029,206,10,2026-04-07,24,Aanwezig
1030,206,10,2026-03-13,24,Te laat
1031,207,10,2026-01-21,27,Afwezig
1032,207,7,2026-02-17,27,Te laat
1033,207,4,2026-06-05,27,Aanwezig
1034,207,7,2026-06-15,27,Aanwezig
1035,207,5,2026-03-14,27,Te laat
1036,208,10,2026-02-08,7,Afwezig
1037,208,5,2026-04-03,7,Afwezig
1038,208,1,2026-04-15,7,Afwezig
1039,208,7,2026-03-23,7,Aanwezig
1040,208,8,2026-01-19,7,Te laat
1041,209,8,2026-03-17,35,Afwezig
1042,209,4,2026-05-26,35,Afwezig
1043,209,5,2026-03-06,35,Aanwezig
1044,209,4,2026-01-29,35,Aanwezig
1045,209,1,2026-05-15,35,Aanwezig
1046,210,2,2026-02-28,35,Te laat
1047,210,7,2026-03-14,35,Te laat
1048,210,9,2026-06-29,35,Afwezig
1049,210,1,2026-03-24,35,Afwezig
1050,210,10,2026-01-23,35,Afwezig
1051,211,2,2026-03-31,25,Afwezig
1052,211,1,2026-01-09,25,Afwezig
1053,211,5,2026-06-30,25,Afwezig
1054,211,3,2026-04-20,25,Afwezig
1055,211,6,2026-06-09,25,Te laat
1056,212,10,2026-05-16,20,Aanwezig
1057,212,6,2026-06-01,20,Te laat
1058,212,1,2026-02-06,20,Te laat
1059,212,8,2026-02-26,20,Te laat
1060,212,7,2026-04-09,20,Afwezig
1061,213,2,2026-04-13,19,Te laat
1062,213,9,2026-05-20,19,Aanwezig
1063,213,9,2026-03-16,19,Te laat
1064,213,6,2026-02-03,19,Te laat
1065,213,10,2026-01-13,19,Aanwezig
1066,214,8,2026-06-09,28,Aanwezig
1067,214,1,2026-03-30,28,Te laat
1068,214,2,2026-06-29,28,Afwezig
1069,214,3,2026-04-06,28,Te laat
1070,214,10,2026-04-08,28,Afwezig
1071,215,5,2026-05-28,17,Aanwezig
1072,215,4,2026-05-21,17,Aanwezig
1073,215,4,2026-02-06,17,Aanwezig
1074,215,1,2026-02-21,17,Aanwezig
1075,215,3,2026-06-12,17,Aanwezig
1076,216,6,2026-01-22,37,Te laat
1077,216,10,2026-05-21,37,Te laat
1078,216,9,2026-02-04,37,Aanwezig
1079,216,9,2026-02-04,37,Aanwezig
1080,216,7,2026-01-18,37,Te laat
1081,217,7,2026-04-09,40,Aanwezig
1082,217,4,2026-02-02,40,Afwezig
1083,217,5,2026-03-20,40,Afwezig
1084,217,3,2026-04-21,40,Afwezig
1085,217,4,2026-03-01,40,Afwezig
1086,218,4,2026-06-27,13,Afwezig
1087,218,2,2026-04-21,13,Afwezig
1088,218,5,2026-03-05,13,Afwezig
1089,218,1,2026-02-22,13,Afwezig
1090,218,8,2026-05-04,13,Te laat
1091,219,4,2026-04-21,26,Te laat
1092,219,10,2026-04-23,26,Te laat
1093,219,3,2026-05-19,26,Afwezig
1094,219,2,2026-01-30,26,Afwezig
1095,219,9,2026-01-24,26,Te laat
1096,220,5,2026-03-03,38,Afwezig
1097,220,6,2026-06-15,38,Afwezig
1098,220,3,2026-05-22,38,Aanwezig
1099,220,6,2026-01-14,38,Afwezig
1100,220,5,2026-06-01,38,Te laat
1101,221,6,2026-02-04,31,Te laat
1102,221,9,2026-02-09,31,Te laat
1103,221,7,2026-04-29,31,Afwezig
1104,221,9,2026-03-03,31,Te laat
1105,221,2,2026-01-15,31,Afwezig
1106,222,5,2026-01-11,22,Te laat
1107,222,1,2026-01-21,22,Afwezig
1108,222,3,2026-05-23,22,Afwezig
1109,222,3,2026-04-20,22,Aanwezig
1110,222,7,2026-06-05,22,Afwezig
1111,223,10,2026-01-02,7,Te laat
1112,223,3,2026-06-09,7,Aanwezig
1113,223,4,2026-03-20,7,Aanwezig
1114,223,9,2026-03-06,7,Aanwezig
1115,223,2,2026-03-15,7,Afwezig
1116,224,5,2026-01-13,24,Aanwezig
1117,224,1,2026-05-16,24,Afwezig
1118,224,3,2026-02-28,24,Te laat
1119,224,5,2026-01-03,24,Te laat
1120,224,7,2026-02-07,24,Te laat
1121,225,3,2026-05-14,1,Afwezig
1122,225,8,2026-05-23,1,Te laat
1123,225,8,2026-03-09,1,Te laat
1124,225,3,2026-06-27,1,Afwezig
1125,225,6,2026-03-19,1,Te laat
1126,226,10,2026-05-20,20,Afwezig
1127,226,6,2026-02-10,20,Te laat
1128,226,3,2026-05-06,20,Aanwezig
1129,226,5,2026-03-07,20,Te laat
1130,226,5,2026-04-16,20,Afwezig
1131,227,7,2026-01-12,12,Aanwezig
1132,227,2,2026-02-21,12,Afwezig
1133,227,5,2026-04-03,12,Te laat
1134,227,4,2026-06-19,12,Aanwezig
1135,227,8,2026-01-22,12,Afwezig
1136,228,9,2026-02-02,36,Te laat
1137,228,7,2026-01-03,36,Aanwezig
1138,228,3,2026-06-21,36,Aanwezig
1139,228,9,2026-05-11,36,Afwezig
1140,228,1,2026-02-22,36,Te laat
1141,229,3,2026-01-06,30,Afwezig
1142,229,3,2026-06-09,30,Te laat
1143,229,3,2026-04-10,30,Aanwezig
1144,229,8,2026-02-25,30,Te laat
1145,229,10,2026-05-31,30,Aanwezig
1146,230,6,2026-04-07,5,Aanwezig
1147,230,6,2026-06-30,5,Te laat
1148,230,9,2026-06-20,5,Aanwezig
1149,230,9,2026-04-30,5,Aanwezig
1150,230,1,2026-06-19,5,Aanwezig
1151,231,4,2026-04-08,29,Aanwezig
1152,231,1,2026-04-17,29,Afwezig
1153,231,7,2026-01-18,29,Afwezig
1154,231,3,2026-02-14,29,Aanwezig
1155,231,1,2026-06-25,29,Aanwezig
1156,232,8,2026-01-30,27,Aanwezig
1157,232,7,2026-05-10,27,Aanwezig
1158,232,4,2026-06-24,27,Te laat
1159,232,1,2026-02-08,27,Aanwezig
1160,232,8,2026-06-27,27,Aanwezig
1161,233,2,2026-04-14,19,Aanwezig
1162,233,6,2026-01-14,19,Te laat
1163,233,8,2026-06-04,19,Afwezig
1164,233,5,2026-05-29,19,Afwezig
1165,233,10,2026-03-18,19,Te laat
1166,234,9,2026-06-22,15,Aanwezig
1167,234,4,2026-01-18,15,Aanwezig
1168,234,1,2026-06-26,15,Te laat
1169,234,3,2026-06-01,15,Te laat
1170,234,1,2026-03-18,15,Te laat
1171,235,1,2026-02-03,17,Te laat
1172,235,5,2026-04-25,17,Aanwezig
1173,235,6,2026-04-24,17,Te laat
1174,235,9,2026-03-25,17,Afwezig
1175,235,10,2026-04-01,17,Afwezig
1176,236,6,2026-05-07,9,Aanwezig
1177,236,9,2026-03-21,9,Te laat
1178,236,7,2026-03-27,9,Afwezig
1179,236,2,2026-06-30,9,Te laat
1180,236,9,2026-03-30,9,Aanwezig
1181,237,4,2026-05-23,18,Afwezig
1182,237,9,2026-06-02,18,Te laat
1183,237,1,2026-02-28,18,Te laat
1184,237,5,2026-02-12,18,Aanwezig
1185,237,6,2026-06-11,18,Aanwezig
1186,238,8,2026-04-13,39,Te laat
1187,238,5,2026-01-07,39,Te laat
1188,238,4,2026-04-12,39,Aanwezig
1189,238,1,2026-01-21,39,Te laat
1190,238,10,2026-02-18,39,Afwezig
1191,239,9,2026-04-09,11,Te laat
1192,239,8,2026-01-10,11,Te laat
1193,239,10,2026-02-04,11,Te laat
1194,239,10,2026-05-26,11,Te laat
1195,239,8,2026-06-06,11,Te laat
1196,240,7,2026-04-16,40,Te laat
1197,240,7,2026-03-27,40,Afwezig
1198,240,7,2026-01-18,40,Te laat
1199,240,1,2026-06-27,40,Afwezig
1200,240,4,2026-01-21,40,Aanwezig
1201,241,6,2026-06-25,31,Aanwezig
1202,241,1,2026-05-17,31,Aanwezig
1203,241,5,2026-04-16,31,Aanwezig
1204,241,2,2026-02-14,31,Te laat
1205,241,6,2026-04-29,31,Aanwezig
1206,242,9,2026-03-25,22,Te laat
1207,242,4,2026-03-14,22,Afwezig
1208,242,1,2026-03-23,22,Aanwezig
1209,242,9,2026-01-25,22,Te laat
1210,242,3,2026-06-12,22,Afwezig
1211,243,10,2026-04-08,13,Afwezig
1212,243,4,2026-06-23,13,Aanwezig
1213,243,9,2026-05-25,13,Te laat
1214,243,2,2026-05-26,13,Aanwezig
1215,243,4,2026-03-27,13,Afwezig
1216,244,9,2026-06-21,17,Afwezig
1217,244,6,2026-04-20,17,Aanwezig
1218,244,5,2026-03-08,17,Te laat
1219,244,3,2026-05-26,17,Afwezig
1220,244,9,2026-04-10,17,Aanwezig
1221,245,1,2026-02-26,19,Te laat
1222,245,1,2026-02-26,19,Afwezig
1223,245,1,2026-04-09,19,Te laat
1224,245,3,2026-05-10,19,Afwezig
1225,245,8,2026-01-01,19,Te laat
1226,246,2,2026-06-09,25,Te laat
1227,246,3,2026-04-23,25,Afwezig
1228,246,1,2026-01-09,25,Aanwezig
1229,246,1,2026-05-11,25,Afwezig
1230,246,2,2026-04-19,25,Te laat
1231,247,8,2026-03-18,24,Afwezig
1232,247,9,2026-03-08,24,Aanwezig
1233,247,5,2026-05-11,24,Aanwezig
1234,247,7,2026-06-08,24,Te laat
1235,247,1,2026-03-13,24,Te laat
1236,248,10,2026-04-21,19,Aanwezig
1237,248,5,2026-02-23,19,Aanwezig
1238,248,7,2026-04-10,19,Aanwezig
1239,248,1,2026-04-03,19,Te laat
1240,248,5,2026-04-25,19,Te laat
1241,249,6,2026-04-13,19,Te laat
1242,249,6,2026-02-06,19,Afwezig
1243,249,3,2026-06-12,19,Aanwezig
1244,249,5,2026-02-15,19,Te laat
1245,249,1,2026-03-25,19,Aanwezig
1246,250,8,2026-05-22,24,Afwezig
1247,250,8,2026-02-07,24,Aanwezig
1248,250,6,2026-06-16,24,Aanwezig
1249,250,8,2026-04-13,24,Afwezig
1250,250,8,2026-05-18,24,Aanwezig
1251,251,5,2026-03-04,2,Te laat
1252,251,7,2026-01-10,2,Afwezig
1253,251,1,2026-04-04,2,Te laat
1254,251,9,2026-03-02,2,Te laat
1255,251,9,2026-05-03,2,Aanwezig
1256,252,4,2026-03-08,8,Aanwezig
1257,252,8,2026-01-02,8,Te laat
1258,252,7,2026-04-25,8,Te laat
1259,252,7,2026-03-12,8,Te laat
1260,252,9,2026-01-16,8,Afwezig
1261,253,1,2026-04-24,9,Afwezig
1262,253,2,2026-04-10,9,Te laat
1263,253,1,2026-01-03,9,Aanwezig
1264,253,6,2026-03-19,9,Te laat
1265,253,6,2026-06-24,9,Afwezig
1266,254,9,2026-02-02,4,Afwezig
1267,254,2,2026-06-23,4,Aanwezig
1268,254,7,2026-04-23,4,Afwezig
1269,254,6,2026-04-26,4,Te laat
1270,254,6,2026-02-21,4,Te laat
1271,255,3,2026-03-19,31,Te laat
1272,255,2,2026-06-03,31,Aanwezig
1273,255,3,2026-03-21,31,Aanwezig
1274,255,3,2026-03-27,31,Te laat
1275,255,6,2026-05-13,31,Aanwezig
1276,256,3,2026-06-29,2,Te laat
1277,256,1,2026-06-07,2,Te laat
1278,256,4,2026-02-26,2,Aanwezig
1279,256,7,2026-03-10,2,Aanwezig
1280,256,2,2026-01-03,2,Te laat
1281,257,5,2026-01-14,5,Te laat
1282,257,7,2026-02-26,5,Aanwezig
1283,257,3,2026-06-01,5,Aanwezig
1284,257,5,2026-06-06,5,Te laat
1285,257,6,2026-01-27,5,Afwezig
1286,258,4,2026-04-20,27,Aanwezig
1287,258,10,2026-01-28,27,Te laat
1288,258,10,2026-02-03,27,Afwezig
1289,258,7,2026-01-20,27,Te laat
1290,258,4,2026-03-16,27,Aanwezig
1291,259,10,2026-01-08,14,Aanwezig
1292,259,7,2026-05-19,14,Te laat
1293,259,10,2026-05-05,14,Aanwezig
1294,259,7,2026-01-18,14,Te laat
1295,259,7,2026-01-17,14,Te laat
1296,260,10,2026-03-01,10,Aanwezig
1297,260,8,2026-02-04,10,Afwezig
1298,260,4,2026-05-01,10,Afwezig
1299,260,1,2026-06-30,10,Te laat
1300,260,10,2026-04-27,10,Te laat
1301,261,10,2026-06-19,22,Afwezig
1302,261,2,2026-03-14,22,Te laat
1303,261,4,2026-06-20,22,Aanwezig
1304,261,3,2026-05-22,22,Afwezig
1305,261,2,2026-04-02,22,Te laat
1306,262,10,2026-01-11,26,Te laat
1307,262,5,2026-06-15,26,Aanwezig
1308,262,4,2026-02-11,26,Afwezig
1309,262,8,2026-05-11,26,Te laat
1310,262,9,2026-06-30,26,Afwezig
1311,263,3,2026-04-12,17,Afwezig
1312,263,2,2026-04-24,17,Te laat
1313,263,8,2026-02-14,17,Te laat
1314,263,9,2026-06-09,17,Afwezig
1315,263,9,2026-01-08,17,Afwezig
1316,264,3,2026-03-31,28,Aanwezig
1317,264,4,2026-01-24,28,Afwezig
1318,264,5,2026-05-15,28,Aanwezig
1319,264,3,2026-03-21,28,Te laat
1320,264,10,2026-06-17,28,Afwezig
1321,265,8,2026-03-27,13,Afwezig
1322,265,1,2026-02-11,13,Aanwezig
1323,265,3,2026-04-30,13,Afwezig
1324,265,5,2026-02-05,13,Aanwezig
1325,265,2,2026-03-13,13,Aanwezig
1326,266,10,2026-06-11,35,Te laat
1327,266,3,2026-03-07,35,Afwezig
1328,266,9,2026-04-24,35,Afwezig
1329,266,8,2026-01-12,35,Afwezig
1330,266,6,2026-06-11,35,Te laat
1331,267,3,2026-04-26,21,Aanwezig
1332,267,1,2026-01-14,21,Afwezig
1333,267,7,2026-02-16,21,Te laat
1334,267,2,2026-02-08,21,Aanwezig
1335,267,8,2026-03-03,21,Afwezig
1336,268,2,2026-01-20,13,Aanwezig
1337,268,8,2026-06-06,13,Aanwezig
1338,268,4,2026-02-21,13,Afwezig
1339,268,5,2026-03-25,13,Te laat
1340,268,9,2026-05-26,13,Aanwezig
1341,269,2,2026-04-09,8,Afwezig
1342,269,8,2026-02-21,8,Aanwezig
1343,269,5,2026-03-11,8,Afwezig
1344,269,6,2026-01-13,8,Aanwezig
1345,269,6,2026-02-13,8,Afwezig
1346,270,8,2026-02-03,14,Afwezig
1347,270,4,2026-03-03,14,Te laat
1348,270,6,2026-01-23,14,Afwezig
1349,270,1,2026-05-06,14,Aanwezig
1350,270,5,2026-05-27,14,Te laat
1351,271,6,2026-01-19,15,Afwezig
1352,271,7,2026-06-15,15,Te laat
1353,271,10,2026-05-09,15,Te laat
1354,271,5,2026-05-26,15,Afwezig
1355,271,5,2026-04-22,15,Afwezig
1356,272,9,2026-04-18,31,Afwezig
1357,272,7,2026-03-24,31,Aanwezig
1358,272,5,2026-03-27,31,Aanwezig
1359,272,4,2026-06-07,31,Afwezig
1360,272,6,2026-02-03,31,Te laat
1361,273,9,2026-06-02,31,Aanwezig
1362,273,8,2026-06-18,31,Aanwezig
1363,273,6,2026-02-13,31,Afwezig
1364,273,8,2026-02-26,31,Aanwezig
1365,273,5,2026-01-18,31,Aanwezig
1366,274,2,2026-01-04,40,Aanwezig
1367,274,9,2026-02-26,40,Afwezig
1368,274,6,2026-04-18,40,Aanwezig
1369,274,5,2026-01-24,40,Aanwezig
1370,274,6,2026-05-14,40,Aanwezig
1371,275,3,2026-04-20,36,Afwezig
1372,275,8,2026-06-23,36,Te laat
1373,275,9,2026-04-01,36,Afwezig
1374,275,8,2026-06-07,36,Te laat
1375,275,4,2026-04-26,36,Afwezig
1376,276,4,2026-05-03,15,Te laat
1377,276,2,2026-03-27,15,Aanwezig
1378,276,6,2026-01-10,15,Te laat
1379,276,7,2026-02-14,15,Te laat
1380,276,6,2026-01-15,15,Aanwezig
1381,277,10,2026-04-23,34,Te laat
1382,277,9,2026-02-10,34,Afwezig
1383,277,9,2026-05-09,34,Afwezig
1384,277,7,2026-04-20,34,Afwezig
1385,277,10,2026-06-20,34,Afwezig
1386,278,2,2026-02-24,33,Afwezig
1387,278,10,2026-02-11,33,Afwezig
1388,278,5,2026-06-18,33,Te laat
1389,278,4,2026-01-05,33,Aanwezig
1390,278,4,2026-01-17,33,Aanwezig
1391,279,6,2026-06-04,14,Te laat
1392,279,1,2026-04-15,14,Te laat
1393,279,10,2026-01-23,14,Afwezig
1394,279,2,2026-06-27,14,Te laat
1395,279,3,2026-01-10,14,Afwezig
1396,280,2,2026-05-05,11,Te laat
1397,280,7,2026-06-07,11,Te laat
1398,280,7,2026-02-02,11,Te laat
1399,280,8,2026-02-21,11,Aanwezig
1400,280,3,2026-01-16,11,Aanwezig
1401,281,5,2026-01-18,36,Afwezig
1402,281,1,2026-03-16,36,Afwezig
1403,281,4,2026-03-25,36,Te laat
1404,281,10,2026-05-08,36,Te laat
1405,281,5,2026-03-21,36,Aanwezig
1406,282,7,2026-05-23,25,Aanwezig
1407,282,3,2026-06-25,25,Aanwezig
1408,282,7,2026-01-03,25,Afwezig
1409,282,9,2026-05-23,25,Afwezig
1410,282,2,2026-03-08,25,Te laat
1411,283,10,2026-06-19,21,Afwezig
1412,283,4,2026-06-08,21,Aanwezig
1413,283,7,2026-03-31,21,Te laat
1414,283,9,2026-03-02,21,Afwezig
1415,283,4,2026-04-19,21,Te laat
1416,284,1,2026-05-28,40,Aanwezig
1417,284,5,2026-04-08,40,Afwezig
1418,284,2,2026-03-14,40,Afwezig
1419,284,2,2026-05-04,40,Afwezig
1420,284,5,2026-05-27,40,Afwezig
1421,285,5,2026-01-12,20,Aanwezig
1422,285,2,2026-04-18,20,Aanwezig
1423,285,4,2026-03-17,20,Te laat
1424,285,6,2026-06-13,20,Afwezig
1425,285,2,2026-01-10,20,Afwezig
1426,286,7,2026-04-20,21,Aanwezig
1427,286,6,2026-01-20,21,Aanwezig
1428,286,8,2026-03-04,21,Te laat
1429,286,10,2026-01-06,21,Afwezig
1430,286,1,2026-01-15,21,Aanwezig
1431,287,10,2026-05-23,6,Aanwezig
1432,287,1,2026-04-04,6,Te laat
1433,287,10,2026-05-13,6,Aanwezig
1434,287,5,2026-05-10,6,Afwezig
1435,287,2,2026-02-05,6,Afwezig
1436,288,4,2026-04-22,9,Te laat
1437,288,7,2026-06-15,9,Aanwezig
1438,288,8,2026-01-28,9,Afwezig
1439,288,8,2026-05-22,9,Afwezig
1440,288,10,2026-04-14,9,Afwezig
1441,289,2,2026-04-07,1,Afwezig
1442,289,1,2026-03-22,1,Afwezig
1443,289,4,2026-05-22,1,Afwezig
1444,289,4,2026-04-17,1,Afwezig
1445,289,9,2026-04-07,1,Te laat
1446,290,5,2026-04-02,17,Te laat
1447,290,9,2026-01-24,17,Aanwezig
1448,290,5,2026-03-22,17,Afwezig
1449,290,5,2026-01-15,17,Te laat
1450,290,3,2026-06-28,17,Afwezig
1451,291,10,2026-04-05,37,Aanwezig
1452,291,10,2026-03-28,37,Aanwezig
1453,291,2,2026-01-16,37,Afwezig
1454,291,7,2026-06-05,37,Aanwezig
1455,291,2,2026-01-24,37,Te laat
1456,292,10,2026-05-19,25,Te laat
1457,292,10,2026-06-02,25,Afwezig
1458,292,5,2026-05-16,25,Te laat
1459,292,5,2026-05-14,25,Aanwezig
1460,292,4,2026-05-23,25,Te laat
1461,293,6,2026-02-20,16,Te laat
1462,293,2,2026-04-20,16,Te laat
1463,293,1,2026-05-07,16,Aanwezig
1464,293,8,2026-04-15,16,Aanwezig
1465,293,9,2026-03-10,16,Aanwezig
1466,294,3,2026-06-01,21,Aanwezig
1467,294,1,2026-04-07,21,Aanwezig
1468,294,6,2026-05-02,21,Te laat
1469,294,7,2026-04-24,21,Te laat
1470,294,10,2026-01-11,21,Afwezig
1471,295,5,2026-03-30,19,Te laat
1472,295,5,2026-04-11,19,Aanwezig
1473,295,5,2026-04-26,19,Aanwezig
1474,295,3,2026-03-16,19,Afwezig
1475,295,5,2026-04-08,19,Afwezig
1476,296,3,2026-05-14,29,Aanwezig
1477,296,10,2026-04-01,29,Aanwezig
1478,296,6,2026-04-12,29,Afwezig
1479,296,6,2026-06-03,29,Te laat
1480,296,2,2026-05-16,29,Te laat
1481,297,10,2026-04-30,32,Afwezig
1482,297,10,2026-02-17,32,Te laat
1483,297,1,2026-01-20,32,Afwezig
1484,297,9,2026-06-19,32,Afwezig
1485,297,2,2026-02-16,32,Aanwezig
1486,298,6,2026-06-20,13,Afwezig
1487,298,2,2026-05-09,13,Te laat
1488,298,10,2026-03-24,13,Afwezig
1489,298,1,2026-04-19,13,Te laat
1490,298,4,2026-06-22,13,Te laat
1491,299,4,2026-01-28,33,Aanwezig
1492,299,9,2026-03-25,33,Afwezig
1493,299,9,2026-02-10,33,Te laat
1494,299,5,2026-02-18,33,Aanwezig
1495,299,4,2026-01-03,33,Aanwezig
1496,300,5,2026-06-09,18,Aanwezig
1497,300,5,2026-03-22,18,Afwezig
1498,300,6,2026-02-20,18,Aanwezig
1499,300,4,2026-02-21,18,Te laat
1500,300,8,2026-06-08,18,Afwezig
1501,301,2,2026-01-06,13,Aanwezig
1502,301,7,2026-02-03,13,Afwezig
1503,301,4,2026-04-27,13,Te laat
1504,301,5,2026-06-08,13,Aanwezig
1505,301,4,2026-02-05,13,Te laat
1506,302,4,2026-02-07,11,Afwezig
1507,302,8,2026-04-09,11,Aanwezig
1508,302,2,2026-05-17,11,Te laat
1509,302,2,2026-06-02,11,Afwezig
1510,302,7,2026-06-15,11,Afwezig
1511,303,4,2026-05-29,38,Aanwezig
1512,303,10,2026-04-05,38,Aanwezig
1513,303,2,2026-03-31,38,Afwezig
1514,303,10,2026-04-02,38,Te laat
1515,303,9,2026-01-21,38,Te laat
1516,304,9,2026-04-15,4,Afwezig
1517,304,4,2026-02-16,4,Aanwezig
1518,304,3,2026-06-04,4,Aanwezig
1519,304,6,2026-03-05,4,Aanwezig
1520,304,5,2026-01-12,4,Afwezig
1521,305,2,2026-05-08,1,Afwezig
1522,305,5,2026-05-03,1,Te laat
1523,305,5,2026-03-21,1,Te laat
1524,305,3,2026-06-14,1,Te laat
1525,305,9,2026-05-15,1,Aanwezig
1526,306,7,2026-03-12,16,Afwezig
1527,306,9,2026-04-30,16,Aanwezig
1528,306,2,2026-01-31,16,Aanwezig
1529,306,9,2026-04-11,16,Aanwezig
1530,306,7,2026-01-06,16,Afwezig
1531,307,10,2026-01-10,7,Aanwezig
1532,307,7,2026-02-15,7,Afwezig
1533,307,9,2026-03-08,7,Afwezig
1534,307,6,2026-03-02,7,Afwezig
1535,307,1,2026-01-14,7,Aanwezig
1536,308,7,2026-02-03,19,Aanwezig
1537,308,6,2026-03-23,19,Aanwezig
1538,308,9,2026-05-31,19,Aanwezig
1539,308,7,2026-01-26,19,Aanwezig
1540,308,1,2026-05-17,19,Aanwezig
1541,309,3,2026-01-01,32,Te laat
1542,309,6,2026-06-18,32,Te laat
1543,309,3,2026-01-27,32,Te laat
1544,309,5,2026-03-14,32,Afwezig
1545,309,10,2026-05-20,32,Aanwezig
1546,310,10,2026-03-15,28,Afwezig
1547,310,8,2026-04-21,28,Te laat
1548,310,1,2026-06-14,28,Aanwezig
1549,310,8,2026-05-01,28,Te laat
1550,310,8,2026-05-04,28,Afwezig
1551,311,3,2026-05-03,22,Afwezig
1552,311,10,2026-06-23,22,Afwezig
1553,311,1,2026-01-02,22,Afwezig
1554,311,8,2026-06-29,22,Te laat
1555,311,9,2026-02-22,22,Aanwezig
1556,312,6,2026-05-29,20,Aanwezig
1557,312,4,2026-03-10,20,Aanwezig
1558,312,3,2026-05-28,20,Aanwezig
1559,312,1,2026-01-19,20,Afwezig
1560,312,9,2026-01-29,20,Afwezig
1561,313,6,2026-06-27,36,Afwezig
1562,313,3,2026-02-14,36,Aanwezig
1563,313,2,2026-04-08,36,Te laat
1564,313,1,2026-05-22,36,Aanwezig
1565,313,5,2026-03-31,36,Te laat
1566,314,7,2026-04-26,8,Te laat
1567,314,3,2026-01-12,8,Aanwezig
1568,314,9,2026-02-01,8,Te laat
1569,314,8,2026-01-22,8,Aanwezig
1570,314,5,2026-02-04,8,Afwezig
1571,315,10,2026-04-23,17,Afwezig
1572,315,6,2026-02-08,17,Te laat
1573,315,6,2026-06-25,17,Te laat
1574,315,9,2026-06-09,17,Aanwezig
1575,315,4,2026-05-08,17,Afwezig
1576,316,2,2026-02-27,4,Afwezig
1577,316,10,2026-03-13,4,Te laat
1578,316,8,2026-06-15,4,Afwezig
1579,316,4,2026-04-23,4,Te laat
1580,316,6,2026-03-29,4,Aanwezig
1581,317,9,2026-06-10,20,Aanwezig
1582,317,9,2026-06-22,20,Aanwezig
1583,317,7,2026-03-27,20,Afwezig
1584,317,2,2026-06-24,20,Aanwezig
1585,317,7,2026-01-09,20,Afwezig
1586,318,3,2026-05-19,11,Aanwezig
1587,318,5,2026-03-05,11,Te laat
1588,318,2,2026-02-17,11,Te laat
1589,318,1,2026-04-18,11,Te laat
1590,318,3,2026-02-03,11,Te laat
1591,319,3,2026-03-07,39,Aanwezig
1592,319,1,2026-05-24,39,Te laat
1593,319,1,2026-01-08,39,Aanwezig
1594,319,6,2026-01-10,39,Aanwezig
1595,319,9,2026-06-29,39,Aanwezig
1596,320,4,2026-01-14,10,Aanwezig
1597,320,2,2026-01-18,10,Te laat
1598,320,7,2026-06-02,10,Afwezig
1599,320,2,2026-02-23,10,Te laat
1600,320,9,2026-06-24,10,Aanwezig
1601,321,6,2026-04-18,12,Te laat
1602,321,7,2026-03-14,12,Te laat
1603,321,4,2026-02-09,12,Afwezig
1604,321,1,2026-04-14,12,Afwezig
1605,321,3,2026-02-25,12,Aanwezig
1606,322,9,2026-06-18,26,Aanwezig
1607,322,4,2026-04-04,26,Aanwezig
1608,322,10,2026-06-03,26,Te laat
1609,322,4,2026-01-17,26,Afwezig
1610,322,10,2026-03-02,26,Afwezig
1611,323,5,2026-06-28,38,Aanwezig
1612,323,5,2026-04-08,38,Aanwezig
1613,323,10,2026-04-11,38,Afwezig
1614,323,5,2026-06-17,38,Afwezig
1615,323,2,2026-01-22,38,Aanwezig
1616,324,8,2026-03-13,8,Te laat
1617,324,1,2026-02-06,8,Aanwezig
1618,324,8,2026-05-08,8,Afwezig
1619,324,7,2026-01-17,8,Aanwezig
1620,324,8,2026-01-20,8,Afwezig
1621,325,3,2026-01-11,24,Te laat
1622,325,3,2026-01-12,24,Aanwezig
1623,325,5,2026-03-28,24,Afwezig
1624,325,8,2026-02-03,24,Aanwezig
1625,325,7,2026-04-22,24,Aanwezig
1626,326,7,2026-04-27,20,Te laat
1627,326,8,2026-05-15,20,Afwezig
1628,326,4,2026-02-22,20,Te laat
1629,326,9,2026-06-26,20,Aanwezig
1630,326,9,2026-06-23,20,Aanwezig
1631,327,6,2026-06-15,35,Afwezig
1632,327,9,2026-01-09,35,Aanwezig
1633,327,10,2026-05-18,35,Aanwezig
1634,327,8,2026-02-28,35,Afwezig
1635,327,9,2026-01-24,35,Afwezig
1636,328,6,2026-01-10,18,Te laat
1637,328,3,2026-05-06,18,Aanwezig
1638,328,8,2026-06-05,18,Afwezig
1639,328,1,2026-01-24,18,Afwezig
1640,328,1,2026-05-13,18,Te laat
1641,329,8,2026-06-13,30,Te laat
1642,329,7,2026-02-09,30,Te laat
1643,329,10,2026-02-16,30,Afwezig
1644,329,5,2026-03-26,30,Afwezig
1645,329,3,2026-03-19,30,Aanwezig
1646,330,8,2026-03-28,20,Te laat
1647,330,3,2026-06-25,20,Te laat
1648,330,2,2026-06-28,20,Afwezig
1649,330,8,2026-05-21,20,Aanwezig
1650,330,8,2026-01-29,20,Afwezig
1651,331,8,2026-01-13,36,Te laat
1652,331,2,2026-06-08,36,Te laat
1653,331,1,2026-04-07,36,Afwezig
1654,331,6,2026-03-26,36,Afwezig
1655,331,7,2026-06-24,36,Te laat
1656,332,9,2026-01-27,1,Aanwezig
1657,332,2,2026-03-13,1,Afwezig
1658,332,7,2026-03-31,1,Aanwezig
1659,332,2,2026-01-09,1,Te laat
1660,332,2,2026-01-09,1,Te laat
1661,333,4,2026-02-28,28,Afwezig
1662,333,1,2026-01-09,28,Te laat
1663,333,1,2026-05-21,28,Te laat
1664,333,9,2026-04-16,28,Te laat
1665,333,5,2026-02-15,28,Afwezig
1666,334,9,2026-01-26,20,Aanwezig
1667,334,8,2026-01-17,20,Te laat
1668,334,10,2026-03-01,20,Aanwezig
1669,334,10,2026-06-30,20,Te laat
1670,334,6,2026-06-18,20,Aanwezig
1671,335,10,2026-05-16,34,Te laat
1672,335,10,2026-04-18,34,Afwezig
1673,335,4,2026-06-26,34,Te laat
1674,335,1,2026-03-24,34,Afwezig
1675,335,2,2026-06-23,34,Aanwezig
1676,336,3,2026-03-22,1,Aanwezig
1677,336,10,2026-05-30,1,Aanwezig
1678,336,4,2026-05-07,1,Te laat
1679,336,3,2026-03-25,1,Afwezig
1680,336,9,2026-03-10,1,Afwezig
1681,337,4,2026-02-22,38,Te laat
1682,337,10,2026-03-07,38,Aanwezig
1683,337,3,2026-01-29,38,Te laat
1684,337,3,2026-04-04,38,Te laat
1685,337,10,2026-01-08,38,Te laat
1686,338,3,2026-03-24,38,Aanwezig
1687,338,1,2026-05-31,38,Te laat
1688,338,8,2026-04-06,38,Aanwezig
1689,338,5,2026-02-06,38,Te laat
1690,338,8,2026-04-11,38,Aanwezig
1691,339,9,2026-05-17,5,Te laat
1692,339,4,2026-04-16,5,Afwezig
1693,339,4,2026-02-09,5,Afwezig
1694,339,6,2026-01-11,5,Te laat
1695,339,2,2026-05-19,5,Aanwezig
1696,340,6,2026-04-29,11,Afwezig
1697,340,1,2026-03-19,11,Aanwezig
1698,340,6,2026-03-22,11,Te laat
1699,340,8,2026-05-01,11,Te laat
1700,340,9,2026-03-12,11,Afwezig
1701,341,1,2026-03-30,40,Aanwezig
1702,341,7,2026-04-09,40,Afwezig
1703,341,10,2026-03-22,40,Aanwezig
1704,341,8,2026-03-17,40,Aanwezig
1705,341,10,2026-06-03,40,Te laat
1706,342,10,2026-02-28,30,Afwezig
1707,342,6,2026-05-16,30,Te laat
1708,342,10,2026-01-09,30,Aanwezig
1709,342,5,2026-05-15,30,Te laat
1710,342,1,2026-04-06,30,Aanwezig
1711,343,4,2026-02-13,6,Afwezig
1712,343,6,2026-06-08,6,Te laat
1713,343,3,2026-03-15,6,Afwezig
1714,343,3,2026-03-09,6,Aanwezig
1715,343,8,2026-02-09,6,Aanwezig
1716,344,6,2026-02-04,20,Aanwezig
1717,344,9,2026-04-27,20,Afwezig
1718,344,7,2026-05-28,20,Aanwezig
1719,344,9,2026-04-20,20,Aanwezig
1720,344,9,2026-02-10,20,Afwezig
1721,345,1,2026-05-18,29,Aanwezig
1722,345,4,2026-03-14,29,Afwezig
1723,345,8,2026-06-30,29,Aanwezig
1724,345,4,2026-02-06,29,Afwezig
1725,345,2,2026-04-05,29,Afwezig
1726,346,10,2026-02-01,28,Te laat
1727,346,9,2026-05-15,28,Te laat
1728,346,3,2026-06-22,28,Afwezig
1729,346,7,2026-02-25,28,Aanwezig
1730,346,6,2026-06-03,28,Te laat
1731,347,1,2026-05-17,17,Te laat
1732,347,8,2026-05-29,17,Aanwezig
1733,347,8,2026-04-22,17,Afwezig
1734,347,9,2026-04-19,17,Afwezig
1735,347,2,2026-02-10,17,Aanwezig
1736,348,4,2026-02-04,15,Afwezig
1737,348,2,2026-01-11,15,Aanwezig
1738,348,5,2026-02-13,15,Afwezig
1739,348,2,2026-06-07,15,Afwezig
1740,348,5,2026-04-05,15,Afwezig
1741,349,6,2026-04-25,32,Te laat
1742,349,1,2026-02-07,32,Te laat
1743,349,8,2026-05-26,32,Afwezig
1744,349,5,2026-04-25,32,Afwezig
1745,349,1,2026-01-24,32,Te laat
1746,350,2,2026-03-17,8,Afwezig
1747,350,6,2026-02-23,8,Afwezig
1748,350,3,2026-02-12,8,Afwezig
1749,350,8,2026-05-12,8,Afwezig
1750,350,1,2026-02-18,8,Te laat
1751,351,6,2026-04-27,7,Aanwezig
1752,351,9,2026-06-29,7,Te laat
1753,351,4,2026-06-09,7,Aanwezig
1754,351,2,2026-01-08,7,Te laat
1755,351,9,2026-03-04,7,Aanwezig
1756,352,1,2026-06-06,16,Te laat
1757,352,2,2026-04-20,16,Te laat
1758,352,7,2026-05-28,16,Te laat
1759,352,8,2026-05-20,16,Te laat
1760,352,6,2026-05-14,16,Aanwezig
1761,353,6,2026-01-11,31,Afwezig
1762,353,7,2026-03-31,31,Afwezig
1763,353,3,2026-06-13,31,Te laat
1764,353,7,2026-02-15,31,Te laat
1765,353,8,2026-05-07,31,Aanwezig
1766,354,1,2026-04-24,35,Aanwezig
1767,354,7,2026-01-28,35,Te laat
1768,354,8,2026-03-17,35,Afwezig
1769,354,4,2026-02-25,35,Te laat
1770,354,9,2026-04-17,35,Aanwezig
1771,355,6,2026-03-09,25,Afwezig
1772,355,2,2026-03-24,25,Afwezig
1773,355,6,2026-06-18,25,Aanwezig
1774,355,9,2026-02-07,25,Aanwezig
1775,355,5,2026-02-18,25,Afwezig
1776,356,5,2026-03-10,17,Aanwezig
1777,356,8,2026-05-30,17,Aanwezig
1778,356,5,2026-06-13,17,Te laat
1779,356,2,2026-02-19,17,Afwezig
1780,356,1,2026-02-11,17,Afwezig
1781,357,2,2026-03-01,26,Aanwezig
1782,357,6,2026-03-31,26,Aanwezig
1783,357,6,2026-02-19,26,Aanwezig
1784,357,4,2026-03-31,26,Afwezig
1785,357,1,2026-06-24,26,Aanwezig
1786,358,7,2026-06-18,20,Aanwezig
1787,358,6,2026-01-12,20,Te laat
1788,358,2,2026-03-21,20,Aanwezig
1789,358,8,2026-03-10,20,Te laat
1790,358,1,2026-02-12,20,Afwezig
1791,359,7,2026-04-09,28,Aanwezig
1792,359,9,2026-04-27,28,Te laat
1793,359,5,2026-01-28,28,Aanwezig
1794,359,5,2026-06-17,28,Te laat
1795,359,5,2026-05-09,28,Te laat
1796,360,4,2026-04-27,29,Afwezig
1797,360,4,2026-06-18,29,Te laat
1798,360,6,2026-06-13,29,Te laat
1799,360,8,2026-01-28,29,Aanwezig
1800,360,7,2026-01-15,29,Afwezig
1801,361,6,2026-05-31,14,Afwezig
1802,361,2,2026-04-20,14,Afwezig
1803,361,5,2026-01-25,14,Afwezig
1804,361,1,2026-05-30,14,Te laat
1805,361,10,2026-02-21,14,Afwezig
1806,362,8,2026-03-19,36,Aanwezig
1807,362,5,2026-02-21,36,Afwezig
1808,362,8,2026-01-13,36,Te laat
1809,362,1,2026-04-16,36,Afwezig
1810,362,9,2026-03-05,36,Te laat
1811,363,10,2026-03-25,7,Aanwezig
1812,363,10,2026-02-19,7,Te laat
1813,363,9,2026-04-05,7,Te laat
1814,363,8,2026-06-25,7,Te laat
1815,363,9,2026-06-17,7,Aanwezig
1816,364,3,2026-02-10,10,Afwezig
1817,364,6,2026-06-09,10,Te laat
1818,364,10,2026-01-19,10,Aanwezig
1819,364,9,2026-02-04,10,Aanwezig
1820,364,1,2026-03-27,10,Aanwezig
1821,365,10,2026-06-13,37,Te laat
1822,365,2,2026-03-01,37,Afwezig
1823,365,8,2026-04-15,37,Aanwezig
1824,365,8,2026-03-04,37,Afwezig
1825,365,3,2026-02-12,37,Aanwezig
1826,366,1,2026-01-02,2,Te laat
1827,366,3,2026-04-01,2,Afwezig
1828,366,10,2026-03-21,2,Aanwezig
1829,366,8,2026-01-03,2,Te laat
1830,366,1,2026-04-06,2,Afwezig
1831,367,10,2026-01-23,36,Aanwezig
1832,367,5,2026-03-09,36,Afwezig
1833,367,5,2026-02-16,36,Te laat
1834,367,1,2026-04-07,36,Aanwezig
1835,367,10,2026-03-21,36,Aanwezig
1836,368,8,2026-04-14,15,Te laat
1837,368,9,2026-01-19,15,Afwezig
1838,368,6,2026-04-29,15,Afwezig
1839,368,4,2026-06-11,15,Te laat
1840,368,9,2026-02-27,15,Te laat
1841,369,7,2026-04-19,26,Te laat
1842,369,4,2026-03-31,26,Te laat
1843,369,4,2026-05-03,26,Afwezig
1844,369,5,2026-04-07,26,Aanwezig
1845,369,4,2026-03-19,26,Aanwezig
1846,370,3,2026-04-09,23,Aanwezig
1847,370,9,2026-02-19,23,Afwezig
1848,370,7,2026-04-02,23,Afwezig
1849,370,10,2026-03-28,23,Aanwezig
1850,370,6,2026-06-02,23,Te laat
1851,371,7,2026-01-10,7,Te laat
1852,371,9,2026-02-23,7,Afwezig
1853,371,4,2026-04-23,7,Te laat
1854,371,4,2026-06-07,7,Aanwezig
1855,371,8,2026-05-26,7,Te laat
1856,372,3,2026-06-20,12,Afwezig
1857,372,6,2026-06-26,12,Aanwezig
1858,372,6,2026-05-18,12,Afwezig
1859,372,9,2026-05-13,12,Afwezig
1860,372,3,2026-05-15,12,Te laat
1861,373,4,2026-01-24,18,Te laat
1862,373,10,2026-04-26,18,Aanwezig
1863,373,8,2026-05-08,18,Te laat
1864,373,6,2026-06-21,18,Te laat
1865,373,10,2026-06-29,18,Afwezig
1866,374,8,2026-06-19,6,Afwezig
1867,374,5,2026-02-06,6,Aanwezig
1868,374,7,2026-01-26,6,Afwezig
1869,374,2,2026-01-08,6,Te laat
1870,374,8,2026-02-09,6,Afwezig
1871,375,7,2026-05-16,28,Aanwezig
1872,375,9,2026-02-02,28,Afwezig
1873,375,9,2026-03-09,28,Aanwezig
1874,375,10,2026-01-01,28,Te laat
1875,375,4,2026-03-04,28,Aanwezig
1876,376,7,2026-01-09,23,Te laat
1877,376,3,2026-03-15,23,Aanwezig
1878,376,4,2026-05-31,23,Aanwezig
1879,376,10,2026-06-09,23,Afwezig
1880,376,2,2026-06-30,23,Te laat
1881,377,6,2026-03-12,2,Aanwezig
1882,377,6,2026-04-08,2,Te laat
1883,377,1,2026-02-25,2,Afwezig
1884,377,9,2026-03-12,2,Afwezig
1885,377,9,2026-06-28,2,Te laat
1886,378,1,2026-03-31,8,Te laat
1887,378,5,2026-05-17,8,Aanwezig
1888,378,4,2026-04-06,8,Te laat
1889,378,7,2026-01-21,8,Aanwezig
1890,378,5,2026-05-03,8,Te laat
1891,379,10,2026-06-05,3,Aanwezig
1892,379,3,2026-02-17,3,Te laat
1893,379,9,2026-05-07,3,Te laat
1894,379,3,2026-05-11,3,Afwezig
1895,379,7,2026-03-07,3,Te laat
1896,380,2,2026-04-07,18,Afwezig
1897,380,1,2026-02-15,18,Afwezig
1898,380,8,2026-02-12,18,Aanwezig
1899,380,6,2026-05-22,18,Te laat
1900,380,10,2026-05-25,18,Aanwezig
1901,381,7,2026-04-12,20,Afwezig
1902,381,7,2026-01-10,20,Te laat
1903,381,2,2026-04-01,20,Afwezig
1904,381,1,2026-04-15,20,Aanwezig
1905,381,6,2026-01-12,20,Te laat
1906,382,9,2026-01-17,19,Aanwezig
1907,382,10,2026-03-28,19,Aanwezig
1908,382,3,2026-02-18,19,Te laat
1909,382,6,2026-05-02,19,Aanwezig
1910,382,5,2026-04-05,19,Te laat
1911,383,5,2026-06-09,38,Afwezig
1912,383,4,2026-01-19,38,Afwezig
1913,383,10,2026-04-04,38,Aanwezig
1914,383,2,2026-06-23,38,Afwezig
1915,383,3,2026-04-03,38,Afwezig
1916,384,10,2026-02-18,34,Afwezig
1917,384,4,2026-02-23,34,Te laat
1918,384,10,2026-01-16,34,Aanwezig
1919,384,9,2026-06-03,34,Te laat
1920,384,10,2026-05-26,34,Afwezig
1921,385,7,2026-06-30,36,Aanwezig
1922,385,1,2026-02-24,36,Aanwezig
1923,385,2,2026-04-10,36,Afwezig
1924,385,10,2026-01-27,36,Te laat
1925,385,8,2026-02-03,36,Afwezig
1926,386,2,2026-05-20,17,Afwezig
1927,386,8,2026-03-17,17,Aanwezig
1928,386,3,2026-05-09,17,Te laat
1929,386,7,2026-04-09,17,Aanwezig
1930,386,9,2026-05-24,17,Aanwezig
1931,387,4,2026-03-24,30,Afwezig
1932,387,2,2026-06-17,30,Afwezig
1933,387,5,2026-02-23,30,Te laat
1934,387,8,2026-06-04,30,Aanwezig
1935,387,5,2026-02-15,30,Te laat
1936,388,1,2026-02-16,7,Te laat
1937,388,7,2026-05-19,7,Aanwezig
1938,388,5,2026-02-14,7,Te laat
1939,388,6,2026-06-08,7,Afwezig
1940,388,10,2026-03-10,7,Aanwezig
1941,389,7,2026-01-31,11,Aanwezig
1942,389,4,2026-03-06,11,Afwezig
1943,389,3,2026-01-19,11,Te laat
1944,389,6,2026-01-25,11,Aanwezig
1945,389,4,2026-05-23,11,Te laat
1946,390,3,2026-05-15,10,Aanwezig
1947,390,2,2026-06-08,10,Afwezig
1948,390,10,2026-06-21,10,Afwezig
1949,390,7,2026-01-10,10,Afwezig
1950,390,6,2026-03-02,10,Aanwezig
1951,391,9,2026-02-20,21,Te laat
1952,391,4,2026-05-22,21,Afwezig
1953,391,6,2026-05-08,21,Aanwezig
1954,391,2,2026-02-17,21,Te laat
1955,391,1,2026-02-10,21,Afwezig
1956,392,8,2026-06-08,2,Aanwezig
1957,392,9,2026-05-19,2,Aanwezig
1958,392,6,2026-03-15,2,Aanwezig
1959,392,4,2026-06-22,2,Afwezig
1960,392,1,2026-01-23,2,Afwezig
1961,393,6,2026-02-19,3,Afwezig
1962,393,7,2026-01-21,3,Te laat
1963,393,3,2026-06-29,3,Te laat
1964,393,3,2026-02-14,3,Te laat
1965,393,2,2026-04-27,3,Afwezig
1966,394,10,2026-02-03,2,Afwezig
1967,394,6,2026-01-07,2,Afwezig
1968,394,6,2026-01-08,2,Te laat
1969,394,5,2026-06-18,2,Te laat
1970,394,3,2026-04-30,2,Afwezig
1971,395,10,2026-01-21,5,Aanwezig
1972,395,2,2026-04-16,5,Afwezig
1973,395,3,2026-04-27,5,Aanwezig
1974,395,3,2026-05-24,5,Afwezig
1975,395,6,2026-05-14,5,Afwezig
1976,396,3,2026-05-25,22,Afwezig
1977,396,7,2026-01-15,22,Aanwezig
1978,396,6,2026-05-17,22,Afwezig
1979,396,3,2026-04-15,22,Afwezig
1980,396,6,2026-06-26,22,Te laat
1981,397,8,2026-05-01,22,Afwezig
1982,397,10,2026-05-31,22,Afwezig
1983,397,7,2026-04-06,22,Afwezig
1984,397,5,2026-02-27,22,Afwezig
1985,397,3,2026-02-28,22,Afwezig
1986,398,9,2026-05-20,37,Te laat
1987,398,8,2026-01-02,37,Afwezig
1988,398,9,2026-03-22,37,Afwezig
1989,398,2,2026-04-19,37,Aanwezig
1990,398,6,2026-06-29,37,Afwezig
1991,399,2,2026-04-19,15,Afwezig
1992,399,6,2026-03-19,15,Aanwezig
1993,399,10,2026-03-03,15,Te laat
1994,399,8,2026-05-23,15,Te laat
1995,399,8,2026-02-27,15,Te laat
1996,400,1,2026-01-14,22,Afwezig
1997,400,5,2026-06-16,22,Afwezig
1998,400,10,2026-06-15,22,Te laat
1999,400,2,2026-04-02,22,Aanwezig
2000,400,2,2026-02-19,22,Aanwezig
2001,401,3,2026-02-26,22,Te laat
2002,401,6,2026-02-21,22,Aanwezig
2003,401,3,2026-04-19,22,Afwezig
2004,401,2,2026-02-16,22,Te laat
2005,401,4,2026-05-15,22,Aanwezig
2006,402,1,2026-02-16,40,Te laat
2007,402,6,2026-02-10,40,Te laat
2008,402,4,2026-05-15,40,Afwezig
2009,402,8,2026-06-09,40,Afwezig
2010,402,9,2026-02-20,40,Aanwezig
2011,403,9,2026-05-30,36,Te laat
2012,403,3,2026-06-01,36,Aanwezig
2013,403,9,2026-02-13,36,Aanwezig
2014,403,9,2026-02-03,36,Te laat
2015,403,7,2026-01-11,36,Aanwezig
2016,404,10,2026-01-10,6,Te laat
2017,404,4,2026-06-05,6,Te laat
2018,404,8,2026-01-08,6,Aanwezig
2019,404,4,2026-02-15,6,Afwezig
2020,404,10,2026-03-29,6,Te laat
2021,405,4,2026-05-13,12,Afwezig
2022,405,5,2026-04-10,12,Afwezig
2023,405,10,2026-04-09,12,Afwezig
2024,405,1,2026-04-14,12,Te laat
2025,405,3,2026-01-31,12,Te laat
2026,406,4,2026-05-09,16,Te laat
2027,406,8,2026-03-28,16,Te laat
2028,406,7,2026-05-18,16,Afwezig
2029,406,3,2026-02-19,16,Afwezig
2030,406,8,2026-05-31,16,Afwezig
2031,407,9,2026-03-14,36,Afwezig
2032,407,7,2026-05-09,36,Te laat
2033,407,8,2026-02-04,36,Aanwezig
2034,407,9,2026-03-30,36,Te laat
2035,407,2,2026-01-13,36,Afwezig
2036,408,7,2026-05-04,34,Te laat
2037,408,5,2026-06-20,34,Aanwezig
2038,408,5,2026-01-18,34,Te laat
2039,408,8,2026-04-14,34,Te laat
2040,408,4,2026-04-17,34,Te laat
2041,409,3,2026-05-02,40,Te laat
2042,409,9,2026-03-16,40,Afwezig
2043,409,10,2026-05-18,40,Te laat
2044,409,6,2026-03-05,40,Afwezig
2045,409,1,2026-04-23,40,Afwezig
2046,410,3,2026-03-08,8,Aanwezig
2047,410,9,2026-01-28,8,Te laat
2048,410,6,2026-01-06,8,Aanwezig
2049,410,2,2026-06-09,8,Aanwezig
2050,410,7,2026-02-12,8,Te laat
2051,411,1,2026-05-26,31,Aanwezig
2052,411,1,2026-02-11,31,Te laat
2053,411,6,2026-02-14,31,Aanwezig
2054,411,1,2026-01-20,31,Aanwezig
2055,411,4,2026-04-04,31,Te laat
2056,412,2,2026-02-26,31,Te laat
2057,412,1,2026-04-05,31,Afwezig
2058,412,7,2026-04-18,31,Aanwezig
2059,412,9,2026-05-15,31,Aanwezig
2060,412,6,2026-05-02,31,Afwezig
2061,413,6,2026-04-22,19,Te laat
2062,413,4,2026-03-18,19,Aanwezig
2063,413,2,2026-04-08,19,Afwezig
2064,413,10,2026-02-26,19,Afwezig
2065,413,4,2026-02-05,19,Aanwezig
2066,414,3,2026-01-27,18,Afwezig
2067,414,5,2026-05-07,18,Te laat
2068,414,2,2026-01-05,18,Afwezig
2069,414,5,2026-01-05,18,Afwezig
2070,414,4,2026-06-04,18,Aanwezig
2071,415,1,2026-03-03,22,Te laat
2072,415,6,2026-01-16,22,Te laat
2073,415,4,2026-03-28,22,Te laat
2074,415,10,2026-05-06,22,Aanwezig
2075,415,6,2026-02-16,22,Te laat
2076,416,3,2026-02-07,4,Aanwezig
2077,416,10,2026-04-22,4,Te laat
2078,416,8,2026-06-03,4,Te laat
2079,416,6,2026-05-17,4,Afwezig
2080,416,3,2026-01-02,4,Aanwezig
2081,417,8,2026-03-18,36,Te laat
2082,417,1,2026-03-11,36,Te laat
2083,417,4,2026-06-20,36,Aanwezig
2084,417,7,2026-05-21,36,Aanwezig
2085,417,10,2026-01-03,36,Afwezig
2086,418,2,2026-03-31,24,Aanwezig
2087,418,1,2026-04-19,24,Aanwezig
2088,418,4,2026-01-22,24,Aanwezig
2089,418,9,2026-04-05,24,Aanwezig
2090,418,7,2026-01-03,24,Afwezig
2091,419,9,2026-02-23,22,Aanwezig
2092,419,3,2026-04-29,22,Afwezig
2093,419,10,2026-06-15,22,Te laat
2094,419,6,2026-01-12,22,Te laat
2095,419,8,2026-01-18,22,Afwezig
2096,420,5,2026-06-20,11,Afwezig
2097,420,3,2026-01-16,11,Te laat
2098,420,3,2026-05-02,11,Te laat
2099,420,5,2026-04-25,11,Afwezig
2100,420,6,2026-01-07,11,Afwezig
2101,421,5,2026-04-15,11,Aanwezig
2102,421,1,2026-04-17,11,Aanwezig
2103,421,4,2026-03-04,11,Aanwezig
2104,421,8,2026-05-08,11,Aanwezig
2105,421,1,2026-03-08,11,Aanwezig
2106,422,10,2026-04-19,5,Aanwezig
2107,422,6,2026-05-18,5,Aanwezig
2108,422,9,2026-02-27,5,Aanwezig
2109,422,9,2026-01-05,5,Afwezig
2110,422,6,2026-02-06,5,Aanwezig
2111,423,6,2026-01-22,23,Aanwezig
2112,423,3,2026-01-15,23,Te laat
2113,423,9,2026-04-10,23,Afwezig
2114,423,5,2026-02-06,23,Afwezig
2115,423,3,2026-05-03,23,Afwezig
2116,424,6,2026-06-09,17,Te laat
2117,424,10,2026-03-14,17,Te laat
2118,424,3,2026-01-18,17,Afwezig
2119,424,5,2026-06-12,17,Te laat
2120,424,5,2026-01-02,17,Te laat
2121,425,3,2026-04-14,25,Afwezig
2122,425,8,2026-03-19,25,Afwezig
2123,425,9,2026-03-25,25,Te laat
2124,425,8,2026-01-09,25,Aanwezig
2125,425,6,2026-06-20,25,Te laat
2126,426,4,2026-05-18,28,Afwezig
2127,426,9,2026-02-15,28,Aanwezig
2128,426,7,2026-03-06,28,Aanwezig
2129,426,10,2026-02-27,28,Aanwezig
2130,426,1,2026-03-27,28,Aanwezig
2131,427,4,2026-04-14,6,Aanwezig
2132,427,9,2026-03-26,6,Te laat
2133,427,8,2026-02-19,6,Afwezig
2134,427,8,2026-03-30,6,Te laat
2135,427,9,2026-06-05,6,Te laat
2136,428,7,2026-05-04,36,Aanwezig
2137,428,5,2026-01-16,36,Aanwezig
2138,428,4,2026-02-09,36,Afwezig
2139,428,1,2026-01-12,36,Aanwezig
2140,428,8,2026-02-17,36,Afwezig
2141,429,6,2026-05-14,2,Te laat
2142,429,7,2026-05-06,2,Aanwezig
2143,429,9,2026-01-02,2,Aanwezig
2144,429,5,2026-03-10,2,Te laat
2145,429,2,2026-06-07,2,Te laat
2146,430,9,2026-03-11,24,Afwezig
2147,430,8,2026-01-01,24,Afwezig
2148,430,10,2026-06-27,24,Aanwezig
2149,430,9,2026-06-05,24,Te laat
2150,430,4,2026-01-29,24,Afwezig
2151,431,3,2026-04-04,30,Afwezig
2152,431,4,2026-05-20,30,Te laat
2153,431,3,2026-05-10,30,Aanwezig
2154,431,9,2026-03-08,30,Afwezig
2155,431,8,2026-01-23,30,Te laat
2156,432,7,2026-02-06,27,Te laat
2157,432,6,2026-05-04,27,Te laat
2158,432,10,2026-05-29,27,Te laat
2159,432,10,2026-06-16,27,Te laat
2160,432,3,2026-02-20,27,Aanwezig
2161,433,2,2026-01-29,26,Te laat
2162,433,7,2026-06-01,26,Afwezig
2163,433,3,2026-05-27,26,Aanwezig
2164,433,8,2026-01-24,26,Afwezig
2165,433,5,2026-03-28,26,Afwezig
2166,434,6,2026-04-06,4,Afwezig
2167,434,5,2026-03-01,4,Afwezig
2168,434,2,2026-06-29,4,Afwezig
2169,434,4,2026-02-15,4,Aanwezig
2170,434,5,2026-01-19,4,Aanwezig
2171,435,1,2026-04-25,28,Te laat
2172,435,9,2026-02-18,28,Te laat
2173,435,8,2026-02-22,28,Afwezig
2174,435,3,2026-03-14,28,Afwezig
2175,435,9,2026-04-20,28,Afwezig
2176,436,1,2026-04-28,13,Te laat
2177,436,5,2026-01-10,13,Afwezig
2178,436,1,2026-06-29,13,Aanwezig
2179,436,2,2026-03-10,13,Te laat
2180,436,1,2026-01-12,13,Te laat
2181,437,8,2026-02-24,4,Aanwezig
2182,437,8,2026-05-18,4,Afwezig
2183,437,2,2026-03-20,4,Aanwezig
2184,437,10,2026-03-02,4,Te laat
2185,437,7,2026-05-01,4,Afwezig
2186,438,3,2026-03-02,24,Aanwezig
2187,438,4,2026-05-08,24,Te laat
2188,438,5,2026-06-11,24,Aanwezig
2189,438,9,2026-04-13,24,Afwezig
2190,438,2,2026-05-03,24,Aanwezig
2191,439,10,2026-01-07,26,Afwezig
2192,439,5,2026-03-09,26,Te laat
2193,439,7,2026-01-24,26,Aanwezig
2194,439,8,2026-03-01,26,Te laat
2195,439,4,2026-04-01,26,Afwezig
2196,440,9,2026-05-06,21,Aanwezig
2197,440,8,2026-01-24,21,Aanwezig
2198,440,5,2026-03-24,21,Aanwezig
2199,440,5,2026-06-14,21,Afwezig
2200,440,3,2026-02-07,21,Afwezig
2201,441,6,2026-04-08,5,Te laat
2202,441,1,2026-02-13,5,Te laat
2203,441,4,2026-05-31,5,Afwezig
2204,441,4,2026-02-07,5,Afwezig
2205,441,1,2026-04-27,5,Te laat
2206,442,3,2026-04-30,18,Te laat
2207,442,8,2026-05-07,18,Aanwezig
2208,442,7,2026-01-02,18,Te laat
2209,442,6,2026-05-14,18,Afwezig
2210,442,1,2026-04-15,18,Aanwezig
2211,443,8,2026-03-22,16,Aanwezig
2212,443,10,2026-05-22,16,Aanwezig
2213,443,4,2026-01-19,16,Te laat
2214,443,7,2026-02-27,16,Te laat
2215,443,10,2026-03-07,16,Afwezig
2216,444,2,2026-05-26,17,Te laat
2217,444,5,2026-05-17,17,Aanwezig
2218,444,9,2026-06-12,17,Te laat
2219,444,8,2026-03-27,17,Aanwezig
2220,444,7,2026-02-27,17,Afwezig
2221,445,1,2026-03-25,14,Aanwezig
2222,445,3,2026-02-27,14,Te laat
2223,445,7,2026-02-28,14,Afwezig
2224,445,2,2026-05-06,14,Afwezig
2225,445,7,2026-01-09,14,Afwezig
2226,446,5,2026-01-09,32,Afwezig
2227,446,5,2026-06-20,32,Afwezig
2228,446,9,2026-02-21,32,Afwezig
2229,446,4,2026-04-06,32,Afwezig
2230,446,10,2026-06-10,32,Afwezig
2231,447,7,2026-01-10,34,Afwezig
2232,447,4,2026-05-03,34,Aanwezig
2233,447,1,2026-03-12,34,Aanwezig
2234,447,7,2026-03-09,34,Aanwezig
2235,447,6,2026-02-03,34,Aanwezig
2236,448,4,2026-04-01,15,Te laat
2237,448,7,2026-04-17,15,Te laat
2238,448,7,2026-02-06,15,Afwezig
2239,448,4,2026-05-30,15,Aanwezig
2240,448,10,2026-05-11,15,Aanwezig
2241,449,3,2026-02-26,31,Afwezig
2242,449,10,2026-04-23,31,Te laat
2243,449,8,2026-05-12,31,Aanwezig
2244,449,10,2026-06-16,31,Te laat
2245,449,10,2026-05-02,31,Te laat
2246,450,7,2026-02-10,23,Afwezig
2247,450,7,2026-04-21,23,Te laat
2248,450,4,2026-01-27,23,Aanwezig
2249,450,1,2026-02-20,23,Afwezig
2250,450,8,2026-04-01,23,Te laat
2251,451,1,2026-01-31,15,Aanwezig
2252,451,10,2026-02-03,15,Te laat
2253,451,9,2026-06-07,15,Te laat
2254,451,5,2026-03-16,15,Te laat
2255,451,6,2026-02-11,15,Afwezig
2256,452,3,2026-05-24,29,Aanwezig
2257,452,9,2026-06-04,29,Aanwezig
2258,452,3,2026-05-15,29,Aanwezig
2259,452,4,2026-06-07,29,Aanwezig
2260,452,7,2026-05-18,29,Te laat
2261,453,8,2026-02-18,5,Aanwezig
2262,453,8,2026-06-20,5,Afwezig
2263,453,7,2026-06-30,5,Te laat
2264,453,10,2026-01-27,5,Te laat
2265,453,5,2026-04-24,5,Afwezig
2266,454,10,2026-01-08,39,Aanwezig
2267,454,2,2026-03-04,39,Afwezig
2268,454,9,2026-03-19,39,Te laat
2269,454,9,2026-03-07,39,Te laat
2270,454,3,2026-02-13,39,Te laat
2271,455,7,2026-04-17,6,Afwezig
2272,455,6,2026-05-08,6,Aanwezig
2273,455,8,2026-01-10,6,Aanwezig
2274,455,2,2026-05-25,6,Afwezig
2275,455,10,2026-03-07,6,Afwezig
2276,456,7,2026-03-12,21,Te laat
2277,456,9,2026-01-06,21,Afwezig
2278,456,5,2026-04-18,21,Te laat
2279,456,2,2026-01-26,21,Afwezig
2280,456,7,2026-05-20,21,Aanwezig
2281,457,3,2026-06-01,39,Te laat
2282,457,9,2026-01-26,39,Te laat
2283,457,10,2026-03-05,39,Afwezig
2284,457,9,2026-05-05,39,Aanwezig
2285,457,9,2026-02-14,39,Aanwezig
2286,458,10,2026-02-19,6,Aanwezig
2287,458,2,2026-03-28,6,Afwezig
2288,458,10,2026-04-30,6,Aanwezig
2289,458,2,2026-03-04,6,Afwezig
2290,458,7,2026-05-18,6,Te laat
2291,459,4,2026-02-14,38,Te laat
2292,459,5,2026-03-03,38,Afwezig
2293,459,2,2026-05-05,38,Te laat
2294,459,3,2026-02-22,38,Te laat
2295,459,5,2026-05-11,38,Afwezig
2296,460,1,2026-04-02,37,Afwezig
2297,460,4,2026-06-05,37,Te laat
2298,460,2,2026-01-08,37,Te laat
2299,460,9,2026-06-02,37,Te laat
2300,460,9,2026-06-25,37,Afwezig
2301,461,3,2026-05-22,2,Afwezig
2302,461,2,2026-01-19,2,Aanwezig
2303,461,8,2026-05-13,2,Aanwezig
2304,461,2,2026-04-28,2,Afwezig
2305,461,7,2026-06-24,2,Te laat
2306,462,9,2026-05-12,25,Aanwezig
2307,462,1,2026-06-13,25,Aanwezig
2308,462,4,2026-02-03,25,Aanwezig
2309,462,2,2026-01-12,25,Aanwezig
2310,462,6,2026-06-02,25,Aanwezig
2311,463,10,2026-02-26,12,Afwezig
2312,463,2,2026-06-02,12,Te laat
2313,463,8,2026-06-19,12,Afwezig
2314,463,7,2026-01-13,12,Te laat
2315,463,5,2026-06-16,12,Afwezig
2316,464,9,2026-05-29,1,Afwezig
2317,464,9,2026-01-21,1,Te laat
2318,464,2,2026-02-03,1,Te laat
2319,464,8,2026-03-17,1,Te laat
2320,464,2,2026-03-22,1,Te laat
2321,465,3,2026-03-25,36,Aanwezig
2322,465,1,2026-05-12,36,Te laat
2323,465,5,2026-04-10,36,Aanwezig
2324,465,10,2026-01-12,36,Afwezig
2325,465,9,2026-01-24,36,Afwezig
2326,466,5,2026-06-19,15,Te laat
2327,466,9,2026-04-05,15,Afwezig
2328,466,6,2026-02-15,15,Aanwezig
2329,466,5,2026-06-24,15,Aanwezig
2330,466,10,2026-06-09,15,Afwezig
2331,467,6,2026-03-17,20,Afwezig
2332,467,3,2026-04-14,20,Aanwezig
2333,467,5,2026-05-19,20,Te laat
2334,467,7,2026-03-06,20,Afwezig
2335,467,4,2026-06-28,20,Afwezig
2336,468,3,2026-04-25,3,Te laat
2337,468,6,2026-03-11,3,Aanwezig
2338,468,4,2026-04-24,3,Afwezig
2339,468,9,2026-06-17,3,Aanwezig
2340,468,10,2026-05-21,3,Te laat
2341,469,4,2026-04-27,32,Aanwezig
2342,469,10,2026-02-18,32,Aanwezig
2343,469,5,2026-02-01,32,Te laat
2344,469,2,2026-04-15,32,Aanwezig
2345,469,1,2026-05-31,32,Afwezig
2346,470,9,2026-05-27,30,Aanwezig
2347,470,8,2026-05-01,30,Aanwezig
2348,470,2,2026-01-21,30,Te laat
2349,470,1,2026-02-03,30,Te laat
2350,470,4,2026-04-08,30,Afwezig
2351,471,4,2026-01-28,13,Te laat
2352,471,7,2026-04-08,13,Afwezig
2353,471,10,2026-01-26,13,Te laat
2354,471,2,2026-05-18,13,Te laat
2355,471,6,2026-02-20,13,Aanwezig
2356,472,4,2026-04-22,10,Te laat
2357,472,1,2026-02-13,10,Te laat
2358,472,1,2026-02-15,10,Aanwezig
2359,472,2,2026-03-05,10,Te laat
2360,472,8,2026-03-31,10,Te laat
2361,473,1,2026-05-01,17,Afwezig
2362,473,4,2026-04-06,17,Aanwezig
2363,473,4,2026-04-06,17,Aanwezig
2364,473,6,2026-01-24,17,Afwezig
2365,473,4,2026-02-17,17,Afwezig
2366,474,10,2026-05-08,5,Aanwezig
2367,474,5,2026-06-07,5,Aanwezig
2368,474,3,2026-02-19,5,Afwezig
2369,474,9,2026-05-26,5,Afwezig
2370,474,9,2026-02-16,5,Aanwezig
2371,475,2,2026-04-28,11,Aanwezig
2372,475,1,2026-05-04,11,Afwezig
2373,475,4,2026-04-07,11,Te laat
2374,475,7,2026-05-10,11,Te laat
2375,475,3,2026-02-15,11,Aanwezig
2376,476,1,2026-05-05,39,Aanwezig
2377,476,1,2026-03-16,39,Afwezig
2378,476,5,2026-06-17,39,Te laat
2379,476,9,2026-02-18,39,Te laat
2380,476,10,2026-02-12,39,Afwezig
2381,477,1,2026-05-04,12,Afwezig
2382,477,10,2026-03-19,12,Te laat
2383,477,8,2026-06-10,12,Afwezig
2384,477,8,2026-01-16,12,Te laat
2385,477,1,2026-04-05,12,Aanwezig
2386,478,1,2026-02-19,37,Afwezig
2387,478,6,2026-02-04,37,Te laat
2388,478,9,2026-04-07,37,Afwezig
2389,478,9,2026-06-16,37,Te laat
2390,478,6,2026-05-18,37,Te laat
2391,479,5,2026-05-06,9,Aanwezig
2392,479,2,2026-01-19,9,Aanwezig
2393,479,2,2026-04-01,9,Te laat
2394,479,3,2026-04-22,9,Afwezig
2395,479,5,2026-03-05,9,Te laat
2396,480,2,2026-06-17,8,Aanwezig
2397,480,1,2026-03-02,8,Te laat
2398,480,1,2026-01-20,8,Te laat
2399,480,2,2026-05-17,8,Aanwezig
2400,480,3,2026-05-25,8,Aanwezig
2401,481,10,2026-06-07,8,Aanwezig
2402,481,3,2026-02-01,8,Aanwezig
2403,481,10,2026-01-26,8,Aanwezig
2404,481,3,2026-06-23,8,Aanwezig
2405,481,9,2026-04-27,8,Te laat
2406,482,9,2026-06-09,11,Aanwezig
2407,482,8,2026-04-27,11,Aanwezig
2408,482,3,2026-01-17,11,Aanwezig
2409,482,3,2026-04-09,11,Te laat
2410,482,9,2026-06-09,11,Afwezig
2411,483,4,2026-04-28,4,Afwezig
2412,483,7,2026-06-24,4,Aanwezig
2413,483,8,2026-02-01,4,Afwezig
2414,483,4,2026-04-02,4,Te laat
2415,483,10,2026-06-04,4,Afwezig
2416,484,7,2026-04-07,11,Aanwezig
2417,484,9,2026-06-23,11,Afwezig
2418,484,9,2026-02-15,11,Aanwezig
2419,484,7,2026-01-27,11,Aanwezig
2420,484,6,2026-03-21,11,Aanwezig
2421,485,10,2026-01-19,19,Afwezig
2422,485,9,2026-05-28,19,Aanwezig
2423,485,2,2026-03-17,19,Te laat
2424,485,8,2026-01-20,19,Afwezig
2425,485,3,2026-02-06,19,Te laat
2426,486,1,2026-03-28,14,Afwezig
2427,486,4,2026-05-21,14,Afwezig
2428,486,1,2026-03-14,14,Afwezig
2429,486,9,2026-04-28,14,Te laat
2430,486,10,2026-06-16,14,Te laat
2431,487,5,2026-02-25,36,Te laat
2432,487,7,2026-05-07,36,Afwezig
2433,487,5,2026-05-27,36,Te laat
2434,487,6,2026-02-25,36,Te laat
2435,487,7,2026-02-25,36,Afwezig
2436,488,10,2026-03-07,24,Aanwezig
2437,488,8,2026-06-18,24,Aanwezig
2438,488,5,2026-05-05,24,Te laat
2439,488,9,2026-03-05,24,Te laat
2440,488,5,2026-06-01,24,Aanwezig
2441,489,8,2026-03-05,14,Afwezig
2442,489,7,2026-02-04,14,Afwezig
2443,489,4,2026-04-12,14,Afwezig
2444,489,3,2026-01-12,14,Te laat
2445,489,8,2026-02-16,14,Te laat
2446,490,3,2026-01-23,30,Te laat
2447,490,2,2026-01-29,30,Afwezig
2448,490,2,2026-01-12,30,Te laat
2449,490,1,2026-05-27,30,Aanwezig
2450,490,4,2026-01-27,30,Aanwezig
2451,491,6,2026-01-01,36,Te laat
2452,491,7,2026-06-15,36,Afwezig
2453,491,5,2026-05-14,36,Aanwezig
2454,491,7,2026-01-07,36,Afwezig
2455,491,9,2026-02-03,36,Aanwezig
2456,492,4,2026-01-15,38,Te laat
2457,492,7,2026-02-15,38,Te laat
2458,492,5,2026-05-16,38,Afwezig
2459,492,6,2026-02-22,38,Aanwezig
2460,492,9,2026-03-25,38,Afwezig
2461,493,3,2026-01-18,6,Afwezig
2462,493,8,2026-01-01,6,Aanwezig
2463,493,3,2026-02-20,6,Afwezig
2464,493,6,2026-06-13,6,Afwezig
2465,493,2,2026-02-27,6,Afwezig
2466,494,10,2026-04-06,16,Te laat
2467,494,3,2026-05-26,16,Aanwezig
2468,494,9,2026-02-19,16,Afwezig
2469,494,3,2026-06-25,16,Afwezig
2470,494,5,2026-06-11,16,Aanwezig
2471,495,7,2026-06-12,6,Aanwezig
2472,495,9,2026-06-01,6,Afwezig
2473,495,8,2026-06-23,6,Aanwezig
2474,495,4,2026-05-08,6,Te laat
2475,495,7,2026-01-03,6,Afwezig
2476,496,4,2026-01-09,35,Te laat
2477,496,10,2026-01-06,35,Aanwezig
2478,496,1,2026-02-06,35,Afwezig
2479,496,10,2026-02-17,35,Te laat
2480,496,7,2026-06-03,35,Te laat
2481,497,9,2026-06-23,36,Aanwezig
2482,497,1,2026-02-22,36,Afwezig
2483,497,9,2026-05-03,36,Aanwezig
2484,497,7,2026-02-15,36,Afwezig
2485,497,4,2026-05-31,36,Aanwezig
2486,498,2,2026-06-24,33,Te laat
2487,498,1,2026-06-23,33,Afwezig
2488,498,9,2026-04-08,33,Aanwezig
2489,498,9,2026-06-10,33,Aanwezig
2490,498,7,2026-04-14,33,Afwezig
2491,499,3,2026-02-07,17,Afwezig
2492,499,9,2026-04-30,17,Afwezig
2493,499,1,2026-05-14,17,Te laat
2494,499,8,2026-01-29,17,Te laat
2495,499,3,2026-03-04,17,Te laat
2496,500,9,2026-04-30,30,Aanwezig
2497,500,7,2026-01-07,30,Afwezig
2498,500,5,2026-03-01,30,Afwezig
2499,500,2,2026-02-08,30,Afwezig
2500,500,1,2026-01-05,30,Afwezig
2501,501,5,2026-03-25,6,Te laat
2502,501,2,2026-06-16,6,Te laat
2503,501,6,2026-02-26,6,Aanwezig
2504,501,2,2026-05-02,6,Te laat
2505,501,3,2026-05-07,6,Aanwezig
2506,502,1,2026-06-06,39,Te laat
2507,502,3,2026-04-11,39,Aanwezig
2508,502,5,2026-05-30,39,Te laat
2509,502,1,2026-03-07,39,Afwezig
2510,502,4,2026-01-10,39,Te laat
2511,503,4,2026-04-24,12,Aanwezig
2512,503,3,2026-06-26,12,Aanwezig
2513,503,1,2026-01-02,12,Aanwezig
2514,503,1,2026-01-06,12,Te laat
2515,503,1,2026-05-24,12,Te laat
2516,504,8,2026-01-26,16,Afwezig
2517,504,7,2026-01-08,16,Te laat
2518,504,2,2026-04-18,16,Afwezig
2519,504,9,2026-02-11,16,Afwezig
2520,504,7,2026-04-15,16,Aanwezig
2521,505,7,2026-06-18,23,Aanwezig
2522,505,4,2026-01-28,23,Te laat
2523,505,5,2026-06-29,23,Afwezig
2524,505,8,2026-05-23,23,Te laat
2525,505,6,2026-06-20,23,Aanwezig
2526,506,10,2026-01-22,22,Aanwezig
2527,506,5,2026-05-31,22,Aanwezig
2528,506,5,2026-04-04,22,Aanwezig
2529,506,8,2026-03-19,22,Te laat
2530,506,2,2026-06-07,22,Afwezig
2531,507,2,2026-04-11,14,Te laat
2532,507,7,2026-06-10,14,Te laat
2533,507,3,2026-06-09,14,Afwezig
2534,507,10,2026-06-30,14,Afwezig
2535,507,1,2026-03-24,14,Afwezig
2536,508,4,2026-01-02,34,Afwezig
2537,508,1,2026-06-22,34,Te laat
2538,508,8,2026-04-02,34,Aanwezig
2539,508,3,2026-06-20,34,Te laat
2540,508,10,2026-04-08,34,Aanwezig
2541,509,7,2026-05-23,24,Te laat
2542,509,10,2026-02-26,24,Te laat
2543,509,1,2026-04-06,24,Afwezig
2544,509,5,2026-01-16,24,Aanwezig
2545,509,3,2026-06-25,24,Afwezig
2546,510,1,2026-02-06,20,Te laat
2547,510,5,2026-02-16,20,Aanwezig
2548,510,7,2026-05-09,20,Aanwezig
2549,510,7,2026-05-22,20,Aanwezig
2550,510,5,2026-05-02,20,Aanwezig
2551,511,4,2026-02-23,14,Te laat
2552,511,3,2026-06-01,14,Aanwezig
2553,511,8,2026-05-09,14,Te laat
2554,511,2,2026-01-24,14,Afwezig
2555,511,9,2026-06-06,14,Aanwezig
2556,512,3,2026-03-13,34,Afwezig
2557,512,2,2026-04-10,34,Aanwezig
2558,512,1,2026-06-25,34,Afwezig
2559,512,4,2026-03-08,34,Afwezig
2560,512,1,2026-02-21,34,Afwezig
2561,513,4,2026-05-08,23,Afwezig
2562,513,4,2026-03-06,23,Aanwezig
2563,513,9,2026-06-22,23,Te laat
2564,513,6,2026-05-27,23,Te laat
2565,513,9,2026-06-03,23,Te laat
2566,514,8,2026-06-11,36,Afwezig
2567,514,9,2026-01-09,36,Te laat
2568,514,3,2026-05-02,36,Afwezig
2569,514,6,2026-05-11,36,Aanwezig
2570,514,1,2026-02-02,36,Aanwezig
2571,515,6,2026-02-21,24,Afwezig
2572,515,5,2026-03-08,24,Afwezig
2573,515,9,2026-04-03,24,Te laat
2574,515,4,2026-01-17,24,Te laat
2575,515,8,2026-06-10,24,Te laat
2576,516,4,2026-06-06,24,Afwezig
2577,516,3,2026-01-02,24,Aanwezig
2578,516,4,2026-02-17,24,Aanwezig
2579,516,6,2026-03-05,24,Afwezig
2580,516,3,2026-01-19,24,Afwezig
2581,517,8,2026-03-12,27,Te laat
2582,517,7,2026-02-13,27,Aanwezig
2583,517,6,2026-04-27,27,Afwezig
2584,517,4,2026-01-30,27,Aanwezig
2585,517,4,2026-04-11,27,Aanwezig
2586,518,7,2026-02-10,11,Te laat
2587,518,7,2026-05-05,11,Te laat
2588,518,4,2026-02-09,11,Aanwezig
2589,518,1,2026-03-22,11,Aanwezig
2590,518,7,2026-04-07,11,Aanwezig
2591,519,10,2026-06-12,5,Te laat
2592,519,1,2026-03-21,5,Aanwezig
2593,519,10,2026-06-20,5,Aanwezig
2594,519,2,2026-05-30,5,Te laat
2595,519,10,2026-05-23,5,Te laat
2596,520,1,2026-04-17,4,Afwezig
2597,520,10,2026-01-23,4,Afwezig
2598,520,5,2026-03-18,4,Afwezig
2599,520,6,2026-06-02,4,Aanwezig
2600,520,1,2026-02-26,4,Afwezig
2601,521,4,2026-05-17,21,Te laat
2602,521,8,2026-03-07,21,Afwezig
2603,521,10,2026-04-28,21,Aanwezig
2604,521,5,2026-05-21,21,Aanwezig
2605,521,10,2026-05-03,21,Aanwezig
2606,522,4,2026-02-02,38,Te laat
2607,522,6,2026-04-11,38,Afwezig
2608,522,7,2026-02-09,38,Afwezig
2609,522,7,2026-05-13,38,Afwezig
2610,522,10,2026-02-23,38,Aanwezig
2611,523,4,2026-02-19,4,Te laat
2612,523,5,2026-03-31,4,Afwezig
2613,523,6,2026-01-30,4,Afwezig
2614,523,10,2026-05-06,4,Aanwezig
2615,523,8,2026-04-26,4,Afwezig
2616,524,8,2026-03-26,4,Te laat
2617,524,1,2026-06-04,4,Afwezig
2618,524,8,2026-01-11,4,Aanwezig
2619,524,10,2026-05-30,4,Aanwezig
2620,524,6,2026-04-14,4,Te laat
2621,525,9,2026-01-01,31,Te laat
2622,525,10,2026-05-17,31,Te laat
2623,525,4,2026-02-08,31,Afwezig
2624,525,4,2026-01-09,31,Afwezig
2625,525,5,2026-06-03,31,Te laat
2626,526,7,2026-01-01,27,Te laat
2627,526,5,2026-03-09,27,Te laat
2628,526,2,2026-02-03,27,Aanwezig
2629,526,1,2026-04-20,27,Aanwezig
2630,526,5,2026-05-25,27,Afwezig
2631,527,7,2026-03-17,35,Te laat
2632,527,6,2026-01-04,35,Afwezig
2633,527,8,2026-04-06,35,Afwezig
2634,527,2,2026-02-24,35,Afwezig
2635,527,1,2026-04-30,35,Te laat
2636,528,2,2026-05-06,3,Afwezig
2637,528,9,2026-06-03,3,Afwezig
2638,528,7,2026-05-09,3,Afwezig
2639,528,7,2026-01-22,3,Afwezig
2640,528,5,2026-04-30,3,Te laat
2641,529,6,2026-02-26,9,Aanwezig
2642,529,8,2026-02-25,9,Afwezig
2643,529,7,2026-02-17,9,Afwezig
2644,529,9,2026-03-17,9,Aanwezig
2645,529,1,2026-01-30,9,Te laat
2646,530,3,2026-06-04,16,Aanwezig
2647,530,4,2026-02-09,16,Aanwezig
2648,530,10,2026-04-22,16,Te laat
2649,530,8,2026-02-09,16,Aanwezig
2650,530,7,2026-05-22,16,Aanwezig
2651,531,9,2026-06-12,31,Afwezig
2652,531,10,2026-03-20,31,Te laat
2653,531,4,2026-04-23,31,Afwezig
2654,531,6,2026-04-23,31,Aanwezig
2655,531,6,2026-05-17,31,Te laat
2656,532,2,2026-03-14,3,Te laat
2657,532,5,2026-02-04,3,Te laat
2658,532,10,2026-06-22,3,Te laat
2659,532,9,2026-02-14,3,Aanwezig
2660,532,7,2026-05-10,3,Aanwezig
2661,533,5,2026-05-23,18,Aanwezig
2662,533,3,2026-03-30,18,Te laat
2663,533,6,2026-02-17,18,Afwezig
2664,533,2,2026-01-01,18,Aanwezig
2665,533,9,2026-04-10,18,Afwezig
2666,534,2,2026-01-14,31,Te laat
2667,534,6,2026-04-16,31,Te laat
2668,534,8,2026-02-15,31,Te laat
2669,534,1,2026-05-27,31,Afwezig
2670,534,1,2026-02-25,31,Afwezig
2671,535,2,2026-05-18,10,Afwezig
2672,535,4,2026-02-13,10,Afwezig
2673,535,1,2026-01-09,10,Te laat
2674,535,2,2026-01-05,10,Afwezig
2675,535,1,2026-03-22,10,Te laat
2676,536,10,2026-03-19,23,Aanwezig
2677,536,1,2026-04-03,23,Te laat
2678,536,3,2026-05-18,23,Te laat
2679,536,5,2026-01-27,23,Te laat
2680,536,3,2026-03-21,23,Te laat
2681,537,8,2026-01-09,26,Te laat
2682,537,8,2026-01-05,26,Aanwezig
2683,537,8,2026-05-02,26,Aanwezig
2684,537,2,2026-03-18,26,Aanwezig
2685,537,3,2026-04-15,26,Te laat
2686,538,7,2026-02-02,1,Te laat
2687,538,6,2026-05-09,1,Te laat
2688,538,5,2026-05-01,1,Aanwezig
2689,538,4,2026-03-19,1,Afwezig
2690,538,6,2026-02-25,1,Aanwezig
2691,539,1,2026-05-21,37,Afwezig
2692,539,9,2026-04-08,37,Afwezig
2693,539,8,2026-05-09,37,Afwezig
2694,539,7,2026-03-03,37,Aanwezig
2695,539,5,2026-05-24,37,Te laat
2696,540,10,2026-06-21,27,Aanwezig
2697,540,10,2026-01-13,27,Afwezig
2698,540,3,2026-03-14,27,Te laat
2699,540,8,2026-02-11,27,Te laat
2700,540,10,2026-03-30,27,Afwezig
2701,541,4,2026-06-04,24,Afwezig
2702,541,3,2026-01-12,24,Te laat
2703,541,9,2026-01-16,24,Te laat
2704,541,6,2026-05-28,24,Te laat
2705,541,3,2026-06-29,24,Aanwezig
2706,542,9,2026-06-26,39,Aanwezig
2707,542,2,2026-02-25,39,Te laat
2708,542,9,2026-02-08,39,Aanwezig
2709,542,9,2026-04-17,39,Te laat
2710,542,2,2026-03-25,39,Aanwezig
2711,543,2,2026-02-24,3,Aanwezig
2712,543,10,2026-02-24,3,Te laat
2713,543,8,2026-04-07,3,Aanwezig
2714,543,6,2026-02-13,3,Afwezig
2715,543,7,2026-01-17,3,Te laat
2716,544,10,2026-03-24,9,Te laat
2717,544,6,2026-03-10,9,Te laat
2718,544,3,2026-01-14,9,Afwezig
2719,544,1,2026-02-19,9,Afwezig
2720,544,6,2026-04-10,9,Te laat
2721,545,7,2026-02-24,37,Te laat
2722,545,6,2026-03-05,37,Te laat
2723,545,4,2026-03-16,37,Te laat
2724,545,3,2026-04-09,37,Afwezig
2725,545,2,2026-05-19,37,Afwezig
2726,546,3,2026-02-19,33,Aanwezig
2727,546,5,2026-06-09,33,Te laat
2728,546,10,2026-05-26,33,Afwezig
2729,546,7,2026-04-26,33,Afwezig
2730,546,3,2026-01-13,33,Aanwezig
2731,547,1,2026-01-23,17,Aanwezig
2732,547,8,2026-02-04,17,Te laat
2733,547,3,2026-04-09,17,Aanwezig
2734,547,3,2026-05-12,17,Te laat
2735,547,8,2026-03-19,17,Afwezig
2736,548,2,2026-03-05,16,Afwezig
2737,548,5,2026-05-25,16,Aanwezig
2738,548,9,2026-01-03,16,Aanwezig
2739,548,5,2026-05-18,16,Aanwezig
2740,548,3,2026-06-25,16,Aanwezig
2741,549,9,2026-05-22,13,Aanwezig
2742,549,8,2026-01-18,13,Afwezig
2743,549,6,2026-03-05,13,Aanwezig
2744,549,3,2026-04-30,13,Aanwezig
2745,549,3,2026-02-12,13,Afwezig
2746,550,2,2026-03-12,29,Te laat
2747,550,4,2026-04-06,29,Afwezig
2748,550,3,2026-01-17,29,Afwezig
2749,550,3,2026-02-12,29,Aanwezig
2750,550,5,2026-01-22,29,Te laat
2751,551,3,2026-01-07,31,Te laat
2752,551,9,2026-01-04,31,Te laat
2753,551,3,2026-02-24,31,Afwezig
2754,551,2,2026-06-13,31,Afwezig
2755,551,1,2026-02-10,31,Afwezig
2756,552,8,2026-04-20,25,Aanwezig
2757,552,10,2026-06-12,25,Aanwezig
2758,552,8,2026-05-19,25,Te laat
2759,552,4,2026-02-20,25,Afwezig
2760,552,2,2026-02-17,25,Te laat
2761,553,8,2026-05-29,31,Aanwezig
2762,553,8,2026-01-27,31,Te laat
2763,553,9,2026-03-08,31,Aanwezig
2764,553,1,2026-06-11,31,Te laat
2765,553,6,2026-04-12,31,Afwezig
2766,554,5,2026-05-17,26,Aanwezig
2767,554,8,2026-05-09,26,Aanwezig
2768,554,9,2026-02-06,26,Aanwezig
2769,554,7,2026-03-10,26,Aanwezig
2770,554,8,2026-04-28,26,Afwezig
2771,555,8,2026-03-15,33,Te laat
2772,555,6,2026-04-03,33,Te laat
2773,555,10,2026-06-08,33,Te laat
2774,555,5,2026-01-03,33,Te laat
2775,555,8,2026-02-27,33,Aanwezig
2776,556,7,2026-06-19,6,Te laat
2777,556,6,2026-04-25,6,Afwezig
2778,556,7,2026-01-21,6,Te laat
2779,556,4,2026-01-09,6,Te laat
2780,556,9,2026-02-11,6,Afwezig
2781,557,3,2026-03-22,12,Afwezig
2782,557,7,2026-02-17,12,Afwezig
2783,557,4,2026-04-19,12,Te laat
2784,557,8,2026-02-15,12,Aanwezig
2785,557,6,2026-04-24,12,Afwezig
2786,558,7,2026-02-21,26,Afwezig
2787,558,5,2026-04-18,26,Afwezig
2788,558,10,2026-06-27,26,Aanwezig
2789,558,3,2026-05-30,26,Afwezig
2790,558,2,2026-06-07,26,Te laat
2791,559,8,2026-02-22,6,Te laat
2792,559,2,2026-02-04,6,Afwezig
2793,559,1,2026-06-16,6,Te laat
2794,559,4,2026-02-15,6,Aanwezig
2795,559,5,2026-04-08,6,Afwezig
2796,560,3,2026-01-28,37,Te laat
2797,560,10,2026-02-02,37,Te laat
2798,560,4,2026-05-24,37,Aanwezig
2799,560,6,2026-03-22,37,Te laat
2800,560,4,2026-02-22,37,Aanwezig
2801,561,4,2026-01-18,28,Afwezig
2802,561,8,2026-03-18,28,Afwezig
2803,561,4,2026-06-16,28,Te laat
2804,561,2,2026-03-02,28,Afwezig
2805,561,5,2026-06-30,28,Te laat
2806,562,8,2026-01-16,33,Te laat
2807,562,1,2026-05-31,33,Te laat
2808,562,3,2026-02-14,33,Te laat
2809,562,7,2026-04-15,33,Aanwezig
2810,562,4,2026-04-19,33,Afwezig
2811,563,1,2026-05-28,8,Te laat
2812,563,1,2026-06-18,8,Afwezig
2813,563,2,2026-06-07,8,Afwezig
2814,563,5,2026-05-25,8,Aanwezig
2815,563,2,2026-05-25,8,Te laat
2816,564,5,2026-06-28,31,Afwezig
2817,564,4,2026-04-02,31,Afwezig
2818,564,4,2026-02-25,31,Te laat
2819,564,10,2026-01-07,31,Aanwezig
2820,564,8,2026-01-10,31,Afwezig
2821,565,8,2026-06-15,22,Afwezig
2822,565,5,2026-01-07,22,Afwezig
2823,565,7,2026-05-16,22,Afwezig
2824,565,5,2026-04-11,22,Aanwezig
2825,565,7,2026-02-14,22,Te laat
2826,566,5,2026-02-28,21,Te laat
2827,566,1,2026-01-27,21,Aanwezig
2828,566,1,2026-01-14,21,Aanwezig
2829,566,10,2026-04-29,21,Aanwezig
2830,566,5,2026-02-24,21,Te laat
2831,567,4,2026-04-07,28,Aanwezig
2832,567,5,2026-03-24,28,Afwezig
2833,567,6,2026-06-20,28,Aanwezig
2834,567,6,2026-01-19,28,Aanwezig
2835,567,8,2026-01-27,28,Te laat
2836,568,9,2026-06-13,4,Aanwezig
2837,568,3,2026-04-19,4,Afwezig
2838,568,10,2026-04-28,4,Aanwezig
2839,568,7,2026-05-07,4,Te laat
2840,568,9,2026-05-30,4,Afwezig
2841,569,5,2026-02-19,34,Aanwezig
2842,569,6,2026-06-25,34,Afwezig
2843,569,7,2026-03-16,34,Afwezig
2844,569,4,2026-04-10,34,Afwezig
2845,569,2,2026-06-13,34,Afwezig
2846,570,6,2026-04-05,35,Aanwezig
2847,570,3,2026-04-17,35,Afwezig
2848,570,10,2026-01-13,35,Afwezig
2849,570,4,2026-04-17,35,Aanwezig
2850,570,1,2026-05-16,35,Aanwezig
2851,571,3,2026-06-25,2,Te laat
2852,571,4,2026-02-15,2,Afwezig
2853,571,9,2026-06-08,2,Afwezig
2854,571,6,2026-06-21,2,Afwezig
2855,571,7,2026-01-23,2,Te laat
2856,572,10,2026-02-07,5,Afwezig
2857,572,7,2026-01-17,5,Aanwezig
2858,572,6,2026-01-02,5,Te laat
2859,572,5,2026-02-09,5,Te laat
2860,572,1,2026-04-20,5,Te laat
2861,573,8,2026-01-16,25,Te laat
2862,573,8,2026-03-05,25,Aanwezig
2863,573,3,2026-02-09,25,Afwezig
2864,573,5,2026-06-13,25,Aanwezig
2865,573,9,2026-03-13,25,Afwezig
2866,574,2,2026-04-16,34,Afwezig
2867,574,5,2026-02-16,34,Afwezig
2868,574,10,2026-05-24,34,Aanwezig
2869,574,3,2026-04-12,34,Aanwezig
2870,574,6,2026-03-31,34,Aanwezig
2871,575,5,2026-05-14,4,Te laat
2872,575,8,2026-04-01,4,Afwezig
2873,575,6,2026-04-12,4,Afwezig
2874,575,3,2026-03-20,4,Te laat
2875,575,5,2026-05-20,4,Afwezig
2876,576,1,2026-03-06,34,Te laat
2877,576,8,2026-06-30,34,Aanwezig
2878,576,10,2026-01-16,34,Te laat
2879,576,2,2026-03-15,34,Afwezig
2880,576,9,2026-03-17,34,Te laat
2881,577,6,2026-05-22,29,Afwezig
2882,577,7,2026-06-21,29,Afwezig
2883,577,8,2026-05-01,29,Afwezig
2884,577,10,2026-01-23,29,Aanwezig
2885,577,3,2026-03-08,29,Afwezig
2886,578,8,2026-03-24,2,Afwezig
2887,578,9,2026-05-04,2,Afwezig
2888,578,3,2026-06-09,2,Aanwezig
2889,578,9,2026-05-17,2,Afwezig
2890,578,6,2026-05-20,2,Aanwezig
2891,579,8,2026-02-07,36,Afwezig
2892,579,6,2026-03-30,36,Te laat
2893,579,5,2026-03-23,36,Te laat
2894,579,6,2026-01-17,36,Afwezig
2895,579,7,2026-04-16,36,Te laat
2896,580,10,2026-03-22,1,Afwezig
2897,580,7,2026-04-23,1,Afwezig
2898,580,3,2026-02-28,1,Te laat
2899,580,1,2026-04-17,1,Afwezig
2900,580,8,2026-03-01,1,Afwezig
2901,581,5,2026-01-07,26,Aanwezig
2902,581,3,2026-01-21,26,Aanwezig
2903,581,4,2026-03-03,26,Aanwezig
2904,581,3,2026-03-28,26,Afwezig
2905,581,7,2026-01-02,26,Aanwezig
2906,582,5,2026-01-04,26,Aanwezig
2907,582,8,2026-05-12,26,Afwezig
2908,582,6,2026-02-08,26,Aanwezig
2909,582,9,2026-05-28,26,Te laat
2910,582,9,2026-06-10,26,Afwezig
2911,583,9,2026-03-24,40,Afwezig
2912,583,8,2026-06-11,40,Afwezig
2913,583,9,2026-03-20,40,Aanwezig
2914,583,1,2026-06-06,40,Afwezig
2915,583,1,2026-02-28,40,Aanwezig
2916,584,3,2026-02-06,4,Te laat
2917,584,6,2026-01-19,4,Aanwezig
2918,584,10,2026-03-06,4,Afwezig
2919,584,4,2026-01-02,4,Te laat
2920,584,8,2026-01-15,4,Aanwezig
2921,585,7,2026-05-10,31,Afwezig
2922,585,9,2026-01-21,31,Afwezig
2923,585,5,2026-06-06,31,Aanwezig
2924,585,8,2026-03-01,31,Afwezig
2925,585,7,2026-06-03,31,Afwezig
2926,586,4,2026-05-18,10,Te laat
2927,586,10,2026-03-16,10,Aanwezig
2928,586,5,2026-05-20,10,Te laat
2929,586,5,2026-06-20,10,Aanwezig
2930,586,6,2026-02-27,10,Aanwezig
2931,587,3,2026-05-16,6,Te laat
2932,587,7,2026-03-29,6,Te laat
2933,587,5,2026-05-28,6,Afwezig
2934,587,4,2026-03-23,6,Aanwezig
2935,587,5,2026-05-16,6,Aanwezig
2936,588,1,2026-03-05,5,Afwezig
2937,588,4,2026-02-04,5,Aanwezig
2938,588,2,2026-05-01,5,Aanwezig
2939,588,7,2026-04-23,5,Te laat
2940,588,8,2026-06-22,5,Te laat
2941,589,6,2026-01-09,20,Afwezig
2942,589,1,2026-02-20,20,Aanwezig
2943,589,9,2026-01-23,20,Afwezig
2944,589,7,2026-01-28,20,Te laat
2945,589,4,2026-02-21,20,Te laat
2946,590,1,2026-05-30,9,Afwezig
2947,590,9,2026-01-05,9,Te laat
2948,590,10,2026-02-20,9,Te laat
2949,590,6,2026-03-28,9,Aanwezig
2950,590,2,2026-05-17,9,Aanwezig
2951,591,3,2026-06-23,15,Afwezig
2952,591,10,2026-04-01,15,Aanwezig
2953,591,1,2026-04-04,15,Afwezig
2954,591,7,2026-02-15,15,Afwezig
2955,591,9,2026-06-17,15,Afwezig
2956,592,7,2026-03-14,22,Te laat
2957,592,3,2026-01-14,22,Aanwezig
2958,592,6,2026-05-16,22,Afwezig
2959,592,8,2026-05-24,22,Te laat
2960,592,1,2026-05-23,22,Aanwezig
2961,593,8,2026-03-05,33,Aanwezig
2962,593,6,2026-06-21,33,Te laat
2963,593,6,2026-03-06,33,Afwezig
2964,593,2,2026-04-25,33,Aanwezig
2965,593,5,2026-06-28,33,Te laat
2966,594,3,2026-01-04,21,Afwezig
2967,594,9,2026-01-21,21,Aanwezig
2968,594,8,2026-05-29,21,Afwezig
2969,594,3,2026-05-25,21,Aanwezig
2970,594,8,2026-05-18,21,Afwezig
2971,595,10,2026-01-25,4,Afwezig
2972,595,7,2026-01-08,4,Aanwezig
2973,595,3,2026-03-21,4,Afwezig
2974,595,2,2026-03-29,4,Afwezig
2975,595,9,2026-05-29,4,Te laat
2976,596,1,2026-01-13,38,Te laat
2977,596,8,2026-04-20,38,Aanwezig
2978,596,3,2026-03-22,38,Te laat
2979,596,6,2026-04-23,38,Afwezig
2980,596,10,2026-04-01,38,Afwezig
2981,597,4,2026-02-10,21,Te laat
2982,597,4,2026-04-17,21,Afwezig
2983,597,8,2026-02-23,21,Afwezig
2984,597,8,2026-04-04,21,Afwezig
2985,597,3,2026-04-06,21,Te laat
2986,598,7,2026-05-04,39,Afwezig
2987,598,10,2026-06-08,39,Aanwezig
2988,598,4,2026-03-10,39,Aanwezig
2989,598,10,2026-03-27,39,Afwezig
2990,598,8,2026-05-07,39,Te laat
2991,599,1,2026-06-28,16,Te laat
2992,599,1,2026-01-06,16,Aanwezig
2993,599,6,2026-02-26,16,Te laat
2994,599,7,2026-04-17,16,Afwezig
2995,599,8,2026-03-21,16,Aanwezig
2996,600,8,2026-01-04,7,Afwezig
2997,600,2,2026-06-10,7,Afwezig
2998,600,9,2026-05-24,7,Afwezig
2999,600,3,2026-05-29,7,Aanwezig
3000,600,6,2026-03-03,7,Te laat
3001,601,4,2026-04-16,17,Aanwezig
3002,601,2,2026-03-02,17,Aanwezig
3003,601,4,2026-04-04,17,Aanwezig
3004,601,6,2026-02-23,17,Afwezig
3005,601,6,2026-01-31,17,Te laat
3006,602,8,2026-06-12,37,Aanwezig
3007,602,7,2026-03-21,37,Aanwezig
3008,602,1,2026-03-23,37,Afwezig
3009,602,9,2026-05-23,37,Afwezig
3010,602,6,2026-04-28,37,Afwezig
3011,603,6,2026-03-21,35,Te laat
3012,603,7,2026-04-27,35,Afwezig
3013,603,4,2026-03-25,35,Te laat
3014,603,4,2026-05-09,35,Afwezig
3015,603,2,2026-06-15,35,Aanwezig
3016,604,9,2026-06-06,17,Afwezig
3017,604,1,2026-02-26,17,Afwezig
3018,604,1,2026-04-05,17,Te laat
3019,604,10,2026-05-29,17,Te laat
3020,604,7,2026-06-21,17,Aanwezig
3021,605,3,2026-06-17,7,Afwezig
3022,605,5,2026-04-30,7,Te laat
3023,605,7,2026-02-21,7,Aanwezig
3024,605,9,2026-01-05,7,Aanwezig
3025,605,3,2026-04-18,7,Aanwezig
3026,606,3,2026-05-20,12,Afwezig
3027,606,10,2026-02-24,12,Afwezig
3028,606,2,2026-03-26,12,Aanwezig
3029,606,6,2026-06-03,12,Te laat
3030,606,4,2026-04-22,12,Aanwezig
3031,607,8,2026-06-15,18,Te laat
3032,607,6,2026-06-09,18,Afwezig
3033,607,1,2026-06-10,18,Aanwezig
3034,607,9,2026-02-08,18,Te laat
3035,607,8,2026-05-10,18,Afwezig
3036,608,7,2026-04-08,28,Aanwezig
3037,608,5,2026-01-04,28,Aanwezig
3038,608,6,2026-06-07,28,Aanwezig
3039,608,1,2026-06-22,28,Afwezig
3040,608,3,2026-01-08,28,Aanwezig
3041,609,1,2026-06-16,26,Afwezig
3042,609,4,2026-03-08,26,Afwezig
3043,609,7,2026-01-16,26,Aanwezig
3044,609,2,2026-04-01,26,Aanwezig
3045,609,5,2026-03-22,26,Afwezig
3046,610,2,2026-01-07,15,Afwezig
3047,610,3,2026-01-29,15,Te laat
3048,610,10,2026-01-18,15,Aanwezig
3049,610,1,2026-03-29,15,Te laat
3050,610,10,2026-04-05,15,Te laat
3051,611,3,2026-03-24,6,Te laat
3052,611,4,2026-04-04,6,Aanwezig
3053,611,3,2026-04-21,6,Te laat
3054,611,7,2026-01-31,6,Te laat
3055,611,6,2026-06-20,6,Aanwezig
3056,612,1,2026-01-02,34,Aanwezig
3057,612,6,2026-01-28,34,Afwezig
3058,612,8,2026-01-05,34,Te laat
3059,612,7,2026-04-27,34,Afwezig
3060,612,1,2026-03-23,34,Afwezig
3061,613,6,2026-02-26,37,Aanwezig
3062,613,8,2026-05-14,37,Aanwezig
3063,613,2,2026-04-28,37,Afwezig
3064,613,5,2026-06-15,37,Te laat
3065,613,3,2026-04-14,37,Afwezig
3066,614,3,2026-06-21,8,Afwezig
3067,614,2,2026-01-26,8,Aanwezig
3068,614,4,2026-02-25,8,Aanwezig
3069,614,4,2026-05-30,8,Aanwezig
3070,614,4,2026-01-29,8,Te laat
3071,615,3,2026-04-22,14,Aanwezig
3072,615,7,2026-05-05,14,Afwezig
3073,615,5,2026-06-11,14,Aanwezig
3074,615,5,2026-02-04,14,Afwezig
3075,615,8,2026-03-25,14,Aanwezig
3076,616,7,2026-04-29,11,Afwezig
3077,616,8,2026-05-04,11,Aanwezig
3078,616,1,2026-05-15,11,Aanwezig
3079,616,9,2026-01-22,11,Afwezig
3080,616,9,2026-04-11,11,Afwezig
3081,617,8,2026-04-04,26,Afwezig
3082,617,7,2026-06-04,26,Aanwezig
3083,617,1,2026-01-06,26,Te laat
3084,617,9,2026-03-06,26,Te laat
3085,617,2,2026-01-23,26,Afwezig
3086,618,6,2026-01-13,29,Aanwezig
3087,618,9,2026-05-03,29,Aanwezig
3088,618,3,2026-04-26,29,Te laat
3089,618,2,2026-03-26,29,Afwezig
3090,618,3,2026-01-03,29,Aanwezig
3091,619,6,2026-02-01,29,Afwezig
3092,619,10,2026-03-02,29,Afwezig
3093,619,9,2026-04-27,29,Aanwezig
3094,619,3,2026-04-06,29,Afwezig
3095,619,9,2026-02-08,29,Aanwezig
3096,620,5,2026-05-04,37,Afwezig
3097,620,10,2026-05-27,37,Te laat
3098,620,1,2026-01-10,37,Te laat
3099,620,3,2026-03-21,37,Afwezig
3100,620,6,2026-03-25,37,Afwezig
3101,621,6,2026-02-20,6,Afwezig
3102,621,5,2026-04-07,6,Te laat
3103,621,2,2026-03-06,6,Te laat
3104,621,2,2026-05-26,6,Te laat
3105,621,8,2026-01-12,6,Aanwezig
3106,622,6,2026-04-05,15,Afwezig
3107,622,7,2026-06-03,15,Aanwezig
3108,622,8,2026-03-30,15,Te laat
3109,622,5,2026-05-31,15,Aanwezig
3110,622,7,2026-03-06,15,Te laat
3111,623,1,2026-06-15,24,Afwezig
3112,623,6,2026-06-09,24,Afwezig
3113,623,7,2026-06-22,24,Afwezig
3114,623,6,2026-06-30,24,Te laat
3115,623,10,2026-04-04,24,Afwezig
3116,624,1,2026-02-13,37,Te laat
3117,624,9,2026-06-29,37,Aanwezig
3118,624,6,2026-04-02,37,Afwezig
3119,624,6,2026-04-13,37,Aanwezig
3120,624,8,2026-06-28,37,Te laat
3121,625,4,2026-01-31,24,Te laat
3122,625,8,2026-05-02,24,Aanwezig
3123,625,3,2026-04-08,24,Aanwezig
3124,625,3,2026-02-13,24,Aanwezig
3125,625,8,2026-05-16,24,Afwezig
3126,626,6,2026-03-12,30,Aanwezig
3127,626,2,2026-02-19,30,Aanwezig
3128,626,3,2026-01-26,30,Aanwezig
3129,626,1,2026-03-03,30,Te laat
3130,626,2,2026-02-17,30,Te laat
3131,627,3,2026-01-13,14,Aanwezig
3132,627,2,2026-01-13,14,Aanwezig
3133,627,1,2026-02-06,14,Aanwezig
3134,627,2,2026-05-11,14,Afwezig
3135,627,5,2026-06-29,14,Te laat
3136,628,6,2026-06-10,24,Afwezig
3137,628,7,2026-02-12,24,Aanwezig
3138,628,1,2026-03-27,24,Te laat
3139,628,4,2026-02-01,24,Te laat
3140,628,10,2026-03-30,24,Afwezig
3141,629,6,2026-01-05,1,Afwezig
3142,629,1,2026-03-27,1,Te laat
3143,629,9,2026-05-16,1,Aanwezig
3144,629,8,2026-02-14,1,Afwezig
3145,629,6,2026-03-22,1,Te laat
3146,630,7,2026-03-25,7,Te laat
3147,630,9,2026-04-22,7,Afwezig
3148,630,9,2026-05-08,7,Te laat
3149,630,7,2026-02-14,7,Afwezig
3150,630,10,2026-03-12,7,Afwezig
3151,631,2,2026-02-11,11,Aanwezig
3152,631,2,2026-03-23,11,Te laat
3153,631,3,2026-01-17,11,Aanwezig
3154,631,8,2026-03-20,11,Te laat
3155,631,8,2026-02-01,11,Te laat
3156,632,9,2026-04-23,31,Te laat
3157,632,10,2026-06-15,31,Afwezig
3158,632,8,2026-06-10,31,Te laat
3159,632,10,2026-05-20,31,Te laat
3160,632,7,2026-02-24,31,Te laat
3161,633,10,2026-06-16,8,Aanwezig
3162,633,8,2026-06-30,8,Afwezig
3163,633,1,2026-04-23,8,Te laat
3164,633,2,2026-03-11,8,Afwezig
3165,633,9,2026-06-05,8,Aanwezig
3166,634,4,2026-02-09,29,Aanwezig
3167,634,6,2026-05-08,29,Aanwezig
3168,634,3,2026-03-04,29,Te laat
3169,634,8,2026-05-14,29,Te laat
3170,634,4,2026-06-29,29,Afwezig
3171,635,4,2026-01-02,11,Te laat
3172,635,1,2026-06-08,11,Afwezig
3173,635,7,2026-05-14,11,Afwezig
3174,635,6,2026-06-23,11,Te laat
3175,635,4,2026-01-31,11,Te laat
3176,636,6,2026-02-27,18,Aanwezig
3177,636,3,2026-01-08,18,Afwezig
3178,636,7,2026-03-14,18,Te laat
3179,636,1,2026-06-21,18,Afwezig
3180,636,4,2026-05-25,18,Te laat
3181,637,2,2026-03-24,29,Afwezig
3182,637,5,2026-05-16,29,Aanwezig
3183,637,4,2026-01-27,29,Afwezig
3184,637,1,2026-04-19,29,Afwezig
3185,637,10,2026-02-01,29,Te laat
3186,638,8,2026-01-23,23,Afwezig
3187,638,3,2026-06-07,23,Aanwezig
3188,638,1,2026-06-22,23,Te laat
3189,638,10,2026-04-23,23,Te laat
3190,638,3,2026-03-11,23,Aanwezig
3191,639,2,2026-04-04,33,Aanwezig
3192,639,5,2026-05-23,33,Te laat
3193,639,10,2026-06-19,33,Aanwezig
3194,639,5,2026-05-13,33,Aanwezig
3195,639,5,2026-03-31,33,Te laat
3196,640,6,2026-06-18,21,Aanwezig
3197,640,9,2026-02-10,21,Te laat
3198,640,10,2026-04-24,21,Afwezig
3199,640,6,2026-04-05,21,Afwezig
3200,640,4,2026-05-26,21,Aanwezig
3201,641,9,2026-06-24,2,Aanwezig
3202,641,3,2026-01-02,2,Aanwezig
3203,641,7,2026-01-17,2,Aanwezig
3204,641,9,2026-04-10,2,Aanwezig
3205,641,9,2026-04-05,2,Afwezig
3206,642,6,2026-05-29,39,Aanwezig
3207,642,7,2026-01-09,39,Aanwezig
3208,642,2,2026-06-22,39,Aanwezig
3209,642,10,2026-01-29,39,Afwezig
3210,642,5,2026-04-11,39,Aanwezig
3211,643,8,2026-01-10,26,Aanwezig
3212,643,10,2026-04-01,26,Afwezig
3213,643,9,2026-02-06,26,Afwezig
3214,643,8,2026-01-26,26,Afwezig
3215,643,9,2026-02-28,26,Aanwezig
3216,644,2,2026-05-08,1,Te laat
3217,644,5,2026-05-07,1,Te laat
3218,644,10,2026-05-14,1,Aanwezig
3219,644,1,2026-04-17,1,Aanwezig
3220,644,4,2026-02-03,1,Afwezig
3221,645,2,2026-04-24,12,Aanwezig
3222,645,8,2026-04-04,12,Te laat
3223,645,5,2026-03-15,12,Aanwezig
3224,645,6,2026-05-15,12,Te laat
3225,645,2,2026-02-23,12,Afwezig
3226,646,9,2026-02-05,12,Afwezig
3227,646,1,2026-04-26,12,Aanwezig
3228,646,6,2026-01-30,12,Aanwezig
3229,646,3,2026-02-12,12,Afwezig
3230,646,3,2026-03-27,12,Aanwezig
3231,647,10,2026-02-20,1,Te laat
3232,647,1,2026-05-24,1,Afwezig
3233,647,4,2026-04-09,1,Aanwezig
3234,647,7,2026-03-31,1,Afwezig
3235,647,6,2026-04-14,1,Te laat
3236,648,8,2026-03-20,20,Aanwezig
3237,648,3,2026-01-25,20,Te laat
3238,648,5,2026-05-16,20,Aanwezig
3239,648,8,2026-04-01,20,Te laat
3240,648,4,2026-01-02,20,Te laat
3241,649,5,2026-03-24,34,Aanwezig
3242,649,9,2026-05-03,34,Te laat
3243,649,1,2026-01-12,34,Aanwezig
3244,649,10,2026-01-30,34,Afwezig
3245,649,8,2026-01-20,34,Aanwezig
3246,650,5,2026-03-21,21,Aanwezig
3247,650,2,2026-06-27,21,Aanwezig
3248,650,3,2026-04-05,21,Aanwezig
3249,650,2,2026-01-24,21,Te laat
3250,650,6,2026-04-19,21,Aanwezig
3251,651,7,2026-05-15,34,Afwezig
3252,651,4,2026-04-23,34,Aanwezig
3253,651,7,2026-05-08,34,Aanwezig
3254,651,5,2026-03-27,34,Afwezig
3255,651,10,2026-06-24,34,Afwezig
3256,652,9,2026-03-30,14,Aanwezig
3257,652,9,2026-06-05,14,Aanwezig
3258,652,5,2026-05-30,14,Afwezig
3259,652,5,2026-04-05,14,Te laat
3260,652,1,2026-05-28,14,Te laat
3261,653,2,2026-01-30,2,Afwezig
3262,653,9,2026-03-29,2,Te laat
3263,653,10,2026-05-07,2,Te laat
3264,653,6,2026-03-06,2,Te laat
3265,653,9,2026-01-21,2,Aanwezig
3266,654,9,2026-06-18,11,Afwezig
3267,654,1,2026-03-19,11,Aanwezig
3268,654,6,2026-06-30,11,Afwezig
3269,654,8,2026-02-05,11,Te laat
3270,654,10,2026-05-14,11,Aanwezig
3271,655,6,2026-01-07,24,Aanwezig
3272,655,3,2026-03-14,24,Aanwezig
3273,655,1,2026-06-09,24,Afwezig
3274,655,4,2026-01-31,24,Afwezig
3275,655,3,2026-04-11,24,Afwezig
3276,656,1,2026-04-18,6,Te laat
3277,656,6,2026-02-14,6,Te laat
3278,656,2,2026-03-27,6,Afwezig
3279,656,2,2026-03-05,6,Afwezig
3280,656,4,2026-04-17,6,Aanwezig
3281,657,6,2026-02-12,23,Afwezig
3282,657,9,2026-01-22,23,Te laat
3283,657,9,2026-05-26,23,Afwezig
3284,657,10,2026-05-15,23,Afwezig
3285,657,5,2026-03-30,23,Te laat
3286,658,2,2026-02-21,12,Afwezig
3287,658,6,2026-02-28,12,Te laat
3288,658,10,2026-06-12,12,Aanwezig
3289,658,10,2026-06-01,12,Te laat
3290,658,9,2026-01-14,12,Afwezig
3291,659,1,2026-06-21,11,Te laat
3292,659,5,2026-02-05,11,Afwezig
3293,659,1,2026-06-08,11,Te laat
3294,659,4,2026-04-18,11,Afwezig
3295,659,4,2026-05-18,11,Te laat
3296,660,4,2026-06-10,24,Aanwezig
3297,660,4,2026-05-09,24,Aanwezig
3298,660,6,2026-03-28,24,Te laat
3299,660,3,2026-02-05,24,Afwezig
3300,660,1,2026-06-04,24,Aanwezig
3301,661,1,2026-01-26,36,Te laat
3302,661,7,2026-04-24,36,Te laat
3303,661,9,2026-06-04,36,Afwezig
3304,661,3,2026-04-04,36,Te laat
3305,661,5,2026-02-17,36,Aanwezig
3306,662,2,2026-04-27,17,Afwezig
3307,662,8,2026-05-27,17,Afwezig
3308,662,5,2026-02-14,17,Aanwezig
3309,662,3,2026-01-26,17,Aanwezig
3310,662,3,2026-01-22,17,Afwezig
3311,663,6,2026-03-04,7,Te laat
3312,663,6,2026-03-30,7,Aanwezig
3313,663,4,2026-06-29,7,Afwezig
3314,663,7,2026-06-18,7,Afwezig
3315,663,8,2026-01-22,7,Afwezig
3316,664,8,2026-01-14,34,Te laat
3317,664,1,2026-02-16,34,Te laat
3318,664,8,2026-01-18,34,Afwezig
3319,664,1,2026-02-17,34,Te laat
3320,664,3,2026-04-18,34,Te laat
3321,665,2,2026-02-10,26,Te laat
3322,665,9,2026-01-09,26,Aanwezig
3323,665,4,2026-06-15,26,Afwezig
3324,665,8,2026-04-17,26,Te laat
3325,665,4,2026-05-07,26,Aanwezig
3326,666,10,2026-05-30,4,Afwezig
3327,666,3,2026-04-30,4,Te laat
3328,666,7,2026-06-28,4,Te laat
3329,666,4,2026-06-15,4,Afwezig
3330,666,8,2026-06-29,4,Te laat
3331,667,5,2026-04-19,12,Te laat
3332,667,2,2026-03-27,12,Aanwezig
3333,667,3,2026-05-14,12,Te laat
3334,667,10,2026-04-14,12,Te laat
3335,667,6,2026-02-05,12,Aanwezig
3336,668,10,2026-01-17,11,Te laat
3337,668,2,2026-04-13,11,Te laat
3338,668,10,2026-05-16,11,Te laat
3339,668,1,2026-02-10,11,Te laat
3340,668,7,2026-04-03,11,Afwezig
3341,669,9,2026-06-19,11,Aanwezig
3342,669,1,2026-05-20,11,Aanwezig
3343,669,6,2026-03-14,11,Te laat
3344,669,9,2026-04-20,11,Aanwezig
3345,669,6,2026-01-08,11,Afwezig
3346,670,6,2026-02-11,9,Aanwezig
3347,670,6,2026-03-18,9,Aanwezig
3348,670,7,2026-05-12,9,Aanwezig
3349,670,10,2026-06-10,9,Te laat
3350,670,5,2026-02-09,9,Te laat
3351,671,8,2026-06-28,7,Te laat
3352,671,5,2026-03-31,7,Te laat
3353,671,10,2026-06-17,7,Aanwezig
3354,671,9,2026-06-22,7,Aanwezig
3355,671,7,2026-05-15,7,Te laat
3356,672,6,2026-06-19,21,Aanwezig
3357,672,10,2026-02-20,21,Te laat
3358,672,2,2026-03-09,21,Afwezig
3359,672,9,2026-01-21,21,Te laat
3360,672,10,2026-06-21,21,Aanwezig
3361,673,10,2026-05-17,36,Aanwezig
3362,673,10,2026-01-22,36,Aanwezig
3363,673,4,2026-03-18,36,Afwezig
3364,673,5,2026-01-02,36,Afwezig
3365,673,6,2026-04-28,36,Afwezig
3366,674,6,2026-02-22,22,Afwezig
3367,674,1,2026-04-21,22,Aanwezig
3368,674,3,2026-05-01,22,Te laat
3369,674,7,2026-02-27,22,Te laat
3370,674,8,2026-06-10,22,Afwezig
3371,675,2,2026-03-12,3,Afwezig
3372,675,3,2026-05-03,3,Afwezig
3373,675,5,2026-04-20,3,Te laat
3374,675,9,2026-01-15,3,Afwezig
3375,675,1,2026-03-17,3,Te laat
3376,676,5,2026-05-15,29,Afwezig
3377,676,3,2026-01-03,29,Te laat
3378,676,3,2026-04-25,29,Te laat
3379,676,8,2026-02-07,29,Afwezig
3380,676,2,2026-06-26,29,Afwezig
3381,677,1,2026-06-20,33,Te laat
3382,677,1,2026-05-20,33,Te laat
3383,677,3,2026-05-13,33,Afwezig
3384,677,8,2026-05-11,33,Te laat
3385,677,3,2026-05-13,33,Aanwezig
3386,678,4,2026-05-22,14,Aanwezig
3387,678,7,2026-06-01,14,Te laat
3388,678,1,2026-03-19,14,Te laat
3389,678,4,2026-01-11,14,Te laat
3390,678,7,2026-05-15,14,Aanwezig
3391,679,6,2026-04-06,28,Afwezig
3392,679,3,2026-04-19,28,Aanwezig
3393,679,2,2026-04-09,28,Afwezig
3394,679,5,2026-03-06,28,Aanwezig
3395,679,5,2026-05-18,28,Te laat
3396,680,1,2026-04-13,23,Afwezig
3397,680,5,2026-06-17,23,Te laat
3398,680,2,2026-02-13,23,Afwezig
3399,680,5,2026-02-09,23,Aanwezig
3400,680,7,2026-05-21,23,Aanwezig
3401,681,5,2026-05-01,26,Afwezig
3402,681,10,2026-05-27,26,Aanwezig
3403,681,8,2026-01-16,26,Te laat
3404,681,8,2026-04-09,26,Aanwezig
3405,681,10,2026-05-02,26,Aanwezig
3406,682,1,2026-06-21,8,Te laat
3407,682,6,2026-04-22,8,Afwezig
3408,682,5,2026-05-23,8,Afwezig
3409,682,2,2026-05-01,8,Afwezig
3410,682,1,2026-04-27,8,Afwezig
3411,683,5,2026-06-17,18,Afwezig
3412,683,8,2026-06-26,18,Aanwezig
3413,683,1,2026-05-02,18,Te laat
3414,683,2,2026-01-05,18,Te laat
3415,683,2,2026-05-24,18,Aanwezig
3416,684,2,2026-02-05,23,Afwezig
3417,684,7,2026-04-13,23,Afwezig
3418,684,5,2026-06-28,23,Afwezig
3419,684,9,2026-06-15,23,Afwezig
3420,684,10,2026-06-13,23,Te laat
3421,685,10,2026-05-10,1,Afwezig
3422,685,2,2026-02-01,1,Te laat
3423,685,6,2026-01-28,1,Te laat
3424,685,7,2026-04-17,1,Afwezig
3425,685,8,2026-05-30,1,Afwezig
3426,686,2,2026-06-08,3,Afwezig
3427,686,2,2026-02-13,3,Afwezig
3428,686,9,2026-04-19,3,Aanwezig
3429,686,3,2026-05-01,3,Afwezig
3430,686,10,2026-05-10,3,Te laat
3431,687,10,2026-01-12,7,Te laat
3432,687,1,2026-06-03,7,Te laat
3433,687,2,2026-05-11,7,Te laat
3434,687,3,2026-01-08,7,Afwezig
3435,687,3,2026-02-15,7,Te laat
3436,688,4,2026-02-03,6,Afwezig
3437,688,2,2026-02-20,6,Aanwezig
3438,688,2,2026-06-10,6,Aanwezig
3439,688,10,2026-05-28,6,Aanwezig
3440,688,3,2026-02-10,6,Afwezig
3441,689,2,2026-01-09,15,Afwezig
3442,689,3,2026-04-20,15,Te laat
3443,689,2,2026-01-27,15,Te laat
3444,689,7,2026-05-17,15,Aanwezig
3445,689,1,2026-03-06,15,Aanwezig
3446,690,3,2026-04-11,13,Aanwezig
3447,690,8,2026-04-19,13,Afwezig
3448,690,4,2026-06-18,13,Afwezig
3449,690,2,2026-03-01,13,Te laat
3450,690,8,2026-05-06,13,Afwezig
3451,691,2,2026-01-01,23,Aanwezig
3452,691,3,2026-02-03,23,Aanwezig
3453,691,7,2026-04-18,23,Aanwezig
3454,691,3,2026-02-20,23,Aanwezig
3455,691,7,2026-06-23,23,Afwezig
3456,692,10,2026-01-15,27,Te laat
3457,692,5,2026-06-04,27,Te laat
3458,692,8,2026-03-06,27,Afwezig
3459,692,5,2026-02-15,27,Aanwezig
3460,692,6,2026-03-08,27,Afwezig
3461,693,7,2026-01-23,37,Afwezig
3462,693,4,2026-04-19,37,Afwezig
3463,693,3,2026-03-08,37,Afwezig
3464,693,9,2026-04-30,37,Aanwezig
3465,693,3,2026-01-23,37,Aanwezig
3466,694,4,2026-04-11,39,Aanwezig
3467,694,10,2026-05-23,39,Aanwezig
3468,694,5,2026-05-31,39,Aanwezig
3469,694,7,2026-02-20,39,Te laat
3470,694,8,2026-02-04,39,Aanwezig
3471,695,5,2026-04-05,9,Aanwezig
3472,695,1,2026-04-01,9,Te laat
3473,695,9,2026-02-17,9,Te laat
3474,695,4,2026-05-23,9,Te laat
3475,695,5,2026-03-17,9,Aanwezig
3476,696,6,2026-03-19,29,Aanwezig
3477,696,7,2026-01-08,29,Afwezig
3478,696,6,2026-03-16,29,Aanwezig
3479,696,7,2026-03-05,29,Aanwezig
3480,696,7,2026-01-12,29,Afwezig
3481,697,6,2026-01-03,34,Afwezig
3482,697,1,2026-06-21,34,Afwezig
3483,697,7,2026-06-22,34,Aanwezig
3484,697,8,2026-02-19,34,Te laat
3485,697,7,2026-05-20,34,Te laat
3486,698,4,2026-02-02,2,Afwezig
3487,698,9,2026-01-07,2,Afwezig
3488,698,4,2026-03-10,2,Aanwezig
3489,698,9,2026-02-17,2,Afwezig
3490,698,5,2026-04-19,2,Te laat
3491,699,7,2026-06-30,15,Afwezig
3492,699,8,2026-02-25,15,Afwezig
3493,699,7,2026-03-01,15,Te laat
3494,699,1,2026-02-14,15,Te laat
3495,699,10,2026-04-13,15,Afwezig
3496,700,7,2026-04-26,30,Afwezig
3497,700,10,2026-01-15,30,Te laat
3498,700,6,2026-06-28,30,Aanwezig
3499,700,2,2026-03-16,30,Aanwezig
3500,700,6,2026-05-02,30,Te laat
3501,701,1,2026-04-14,1,Te laat
3502,701,4,2026-04-05,1,Aanwezig
3503,701,10,2026-02-23,1,Te laat
3504,701,10,2026-01-06,1,Afwezig
3505,701,9,2026-04-24,1,Afwezig
3506,702,8,2026-04-26,30,Aanwezig
3507,702,7,2026-06-10,30,Aanwezig
3508,702,4,2026-03-27,30,Afwezig
3509,702,6,2026-04-06,30,Afwezig
3510,702,10,2026-01-26,30,Te laat
3511,703,8,2026-03-08,10,Afwezig
3512,703,2,2026-01-06,10,Te laat
3513,703,6,2026-01-03,10,Aanwezig
3514,703,5,2026-06-27,10,Afwezig
3515,703,10,2026-03-02,10,Afwezig
3516,704,2,2026-01-25,2,Te laat
3517,704,2,2026-03-13,2,Aanwezig
3518,704,2,2026-04-12,2,Aanwezig
3519,704,6,2026-02-14,2,Aanwezig
3520,704,4,2026-06-03,2,Te laat
3521,705,1,2026-01-31,18,Aanwezig
3522,705,5,2026-02-04,18,Aanwezig
3523,705,5,2026-03-09,18,Afwezig
3524,705,1,2026-06-19,18,Afwezig
3525,705,10,2026-03-14,18,Aanwezig
3526,706,6,2026-02-23,7,Te laat
3527,706,1,2026-05-08,7,Afwezig
3528,706,6,2026-05-23,7,Te laat
3529,706,6,2026-06-04,7,Afwezig
3530,706,6,2026-01-25,7,Aanwezig
3531,707,5,2026-06-25,38,Afwezig
3532,707,9,2026-05-31,38,Aanwezig
3533,707,1,2026-01-18,38,Te laat
3534,707,10,2026-04-16,38,Afwezig
3535,707,6,2026-04-11,38,Aanwezig
3536,708,10,2026-04-23,1,Afwezig
3537,708,9,2026-03-30,1,Te laat
3538,708,7,2026-06-28,1,Afwezig
3539,708,8,2026-04-22,1,Te laat
3540,708,5,2026-05-04,1,Aanwezig
3541,709,2,2026-06-08,30,Afwezig
3542,709,1,2026-04-29,30,Te laat
3543,709,5,2026-06-14,30,Aanwezig
3544,709,5,2026-01-18,30,Te laat
3545,709,5,2026-06-04,30,Te laat
3546,710,2,2026-06-09,21,Afwezig
3547,710,1,2026-01-04,21,Te laat
3548,710,2,2026-02-09,21,Te laat
3549,710,2,2026-03-13,21,Aanwezig
3550,710,3,2026-01-31,21,Afwezig
3551,711,5,2026-01-17,30,Afwezig
3552,711,1,2026-01-18,30,Aanwezig
3553,711,2,2026-02-20,30,Aanwezig
3554,711,4,2026-03-18,30,Afwezig
3555,711,6,2026-03-22,30,Aanwezig
3556,712,5,2026-04-04,25,Aanwezig
3557,712,4,2026-06-29,25,Afwezig
3558,712,4,2026-04-27,25,Te laat
3559,712,7,2026-04-06,25,Afwezig
3560,712,6,2026-06-15,25,Afwezig
3561,713,9,2026-03-30,29,Te laat
3562,713,1,2026-05-06,29,Aanwezig
3563,713,10,2026-05-15,29,Afwezig
3564,713,8,2026-02-11,29,Afwezig
3565,713,3,2026-04-17,29,Te laat
3566,714,4,2026-05-26,33,Afwezig
3567,714,10,2026-06-16,33,Afwezig
3568,714,10,2026-06-14,33,Afwezig
3569,714,5,2026-03-24,33,Afwezig
3570,714,9,2026-06-28,33,Te laat
3571,715,9,2026-06-12,8,Te laat
3572,715,3,2026-05-15,8,Afwezig
3573,715,8,2026-01-10,8,Aanwezig
3574,715,4,2026-02-08,8,Te laat
3575,715,6,2026-01-03,8,Te laat
3576,716,4,2026-01-27,26,Afwezig
3577,716,3,2026-04-18,26,Aanwezig
3578,716,5,2026-04-02,26,Te laat
3579,716,2,2026-02-09,26,Aanwezig
3580,716,6,2026-01-02,26,Aanwezig
3581,717,5,2026-01-07,33,Aanwezig
3582,717,9,2026-01-28,33,Te laat
3583,717,2,2026-02-19,33,Te laat
3584,717,2,2026-06-21,33,Aanwezig
3585,717,7,2026-03-29,33,Te laat
3586,718,8,2026-06-12,23,Te laat
3587,718,3,2026-02-04,23,Aanwezig
3588,718,9,2026-06-07,23,Te laat
3589,718,7,2026-05-22,23,Aanwezig
3590,718,5,2026-05-25,23,Te laat
3591,719,3,2026-04-28,2,Te laat
3592,719,4,2026-05-28,2,Te laat
3593,719,6,2026-03-26,2,Te laat
3594,719,10,2026-05-19,2,Afwezig
3595,719,1,2026-06-07,2,Te laat
3596,720,6,2026-04-02,36,Afwezig
3597,720,6,2026-04-10,36,Aanwezig
3598,720,7,2026-02-11,36,Afwezig
3599,720,9,2026-01-01,36,Te laat
3600,720,4,2026-02-26,36,Afwezig
3601,721,6,2026-01-13,14,Afwezig
3602,721,5,2026-04-09,14,Aanwezig
3603,721,4,2026-03-06,14,Afwezig
3604,721,6,2026-04-06,14,Afwezig
3605,721,10,2026-03-25,14,Afwezig
3606,722,6,2026-03-19,20,Afwezig
3607,722,5,2026-04-03,20,Aanwezig
3608,722,2,2026-02-10,20,Aanwezig
3609,722,9,2026-06-11,20,Afwezig
3610,722,10,2026-03-16,20,Te laat
3611,723,2,2026-03-10,19,Afwezig
3612,723,10,2026-01-25,19,Aanwezig
3613,723,4,2026-05-08,19,Aanwezig
3614,723,6,2026-03-07,19,Aanwezig
3615,723,8,2026-02-23,19,Aanwezig
3616,724,5,2026-03-07,27,Aanwezig
3617,724,7,2026-04-07,27,Afwezig
3618,724,6,2026-01-07,27,Te laat
3619,724,4,2026-03-10,27,Aanwezig
3620,724,7,2026-03-21,27,Afwezig
3621,725,9,2026-02-16,1,Afwezig
3622,725,5,2026-04-06,1,Aanwezig
3623,725,2,2026-04-01,1,Afwezig
3624,725,10,2026-02-05,1,Aanwezig
3625,725,7,2026-04-29,1,Aanwezig
3626,726,6,2026-01-02,28,Afwezig
3627,726,8,2026-05-25,28,Afwezig
3628,726,5,2026-03-18,28,Aanwezig
3629,726,6,2026-06-06,28,Afwezig
3630,726,3,2026-03-27,28,Aanwezig
3631,727,4,2026-06-21,5,Afwezig
3632,727,4,2026-01-01,5,Aanwezig
3633,727,2,2026-06-03,5,Te laat
3634,727,3,2026-01-19,5,Aanwezig
3635,727,9,2026-02-01,5,Te laat
3636,728,9,2026-01-28,5,Te laat
3637,728,1,2026-05-14,5,Te laat
3638,728,6,2026-02-25,5,Te laat
3639,728,8,2026-05-05,5,Te laat
3640,728,3,2026-06-04,5,Afwezig
3641,729,1,2026-02-27,22,Aanwezig
3642,729,2,2026-05-07,22,Te laat
3643,729,4,2026-03-23,22,Te laat
3644,729,4,2026-03-26,22,Afwezig
3645,729,8,2026-01-23,22,Afwezig
3646,730,3,2026-05-17,4,Te laat
3647,730,4,2026-05-06,4,Afwezig
3648,730,9,2026-04-01,4,Te laat
3649,730,1,2026-05-04,4,Afwezig
3650,730,9,2026-03-13,4,Aanwezig
3651,731,9,2026-03-19,16,Afwezig
3652,731,10,2026-02-19,16,Aanwezig
3653,731,4,2026-04-20,16,Afwezig
3654,731,4,2026-02-13,16,Aanwezig
3655,731,3,2026-06-15,16,Te laat
3656,732,6,2026-01-19,18,Afwezig
3657,732,6,2026-03-18,18,Aanwezig
3658,732,10,2026-04-24,18,Aanwezig
3659,732,5,2026-02-17,18,Aanwezig
3660,732,2,2026-04-08,18,Aanwezig
3661,733,5,2026-03-17,14,Te laat
3662,733,6,2026-01-05,14,Aanwezig
3663,733,9,2026-05-14,14,Aanwezig
3664,733,6,2026-03-27,14,Te laat
3665,733,6,2026-03-04,14,Te laat
3666,734,1,2026-05-14,2,Te laat
3667,734,10,2026-05-17,2,Afwezig
3668,734,5,2026-04-18,2,Afwezig
3669,734,4,2026-06-29,2,Afwezig
3670,734,10,2026-01-14,2,Te laat
3671,735,2,2026-04-30,5,Afwezig
3672,735,3,2026-05-30,5,Aanwezig
3673,735,5,2026-03-23,5,Te laat
3674,735,8,2026-04-04,5,Aanwezig
3675,735,3,2026-05-12,5,Aanwezig
3676,736,2,2026-05-23,21,Aanwezig
3677,736,10,2026-05-01,21,Te laat
3678,736,6,2026-06-09,21,Afwezig
3679,736,7,2026-05-03,21,Te laat
3680,736,7,2026-04-21,21,Afwezig
3681,737,4,2026-01-18,30,Aanwezig
3682,737,2,2026-02-21,30,Afwezig
3683,737,2,2026-03-07,30,Te laat
3684,737,7,2026-01-28,30,Te laat
3685,737,5,2026-06-15,30,Afwezig
3686,738,5,2026-03-21,5,Te laat
3687,738,9,2026-01-31,5,Afwezig
3688,738,6,2026-05-21,5,Aanwezig
3689,738,7,2026-02-19,5,Te laat
3690,738,10,2026-01-23,5,Te laat
3691,739,6,2026-02-12,12,Aanwezig
3692,739,10,2026-04-11,12,Te laat
3693,739,9,2026-03-14,12,Afwezig
3694,739,3,2026-04-13,12,Te laat
3695,739,8,2026-03-01,12,Afwezig
3696,740,6,2026-05-25,31,Aanwezig
3697,740,10,2026-01-01,31,Te laat
3698,740,9,2026-05-06,31,Te laat
3699,740,10,2026-06-24,31,Afwezig
3700,740,9,2026-04-09,31,Te laat
3701,741,5,2026-03-11,22,Te laat
3702,741,6,2026-01-05,22,Afwezig
3703,741,2,2026-03-04,22,Aanwezig
3704,741,9,2026-04-11,22,Afwezig
3705,741,6,2026-01-07,22,Te laat
3706,742,2,2026-04-01,40,Afwezig
3707,742,5,2026-03-15,40,Aanwezig
3708,742,4,2026-01-12,40,Te laat
3709,742,9,2026-01-16,40,Te laat
3710,742,7,2026-04-21,40,Te laat
3711,743,7,2026-06-19,27,Aanwezig
3712,743,7,2026-03-21,27,Afwezig
3713,743,9,2026-01-31,27,Aanwezig
3714,743,3,2026-03-16,27,Aanwezig
3715,743,8,2026-04-21,27,Te laat
3716,744,2,2026-02-19,10,Afwezig
3717,744,7,2026-02-05,10,Afwezig
3718,744,8,2026-01-25,10,Te laat
3719,744,6,2026-01-03,10,Aanwezig
3720,744,2,2026-05-18,10,Te laat
3721,745,10,2026-01-27,10,Te laat
3722,745,9,2026-06-09,10,Aanwezig
3723,745,7,2026-06-04,10,Aanwezig
3724,745,4,2026-03-26,10,Te laat
3725,745,3,2026-01-23,10,Aanwezig
3726,746,5,2026-05-01,36,Afwezig
3727,746,9,2026-05-05,36,Aanwezig
3728,746,8,2026-05-02,36,Afwezig
3729,746,5,2026-05-01,36,Aanwezig
3730,746,5,2026-05-14,36,Afwezig
3731,747,6,2026-03-22,40,Te laat
3732,747,2,2026-06-17,40,Afwezig
3733,747,8,2026-04-20,40,Te laat
3734,747,10,2026-03-20,40,Aanwezig
3735,747,4,2026-02-14,40,Te laat
3736,748,6,2026-01-31,30,Aanwezig
3737,748,5,2026-01-12,30,Te laat
3738,748,8,2026-06-14,30,Te laat
3739,748,8,2026-04-02,30,Aanwezig
3740,748,2,2026-05-30,30,Afwezig
3741,749,10,2026-03-12,23,Te laat
3742,749,4,2026-02-20,23,Afwezig
3743,749,2,2026-06-05,23,Afwezig
3744,749,1,2026-06-23,23,Te laat
3745,749,9,2026-01-13,23,Afwezig
3746,750,10,2026-03-12,30,Aanwezig
3747,750,7,2026-05-26,30,Aanwezig
3748,750,2,2026-05-29,30,Afwezig
3749,750,4,2026-06-03,30,Te laat
3750,750,6,2026-01-10,30,Afwezig
3751,751,8,2026-04-18,32,Afwezig
3752,751,2,2026-05-23,32,Aanwezig
3753,751,5,2026-06-23,32,Afwezig
3754,751,10,2026-02-09,32,Te laat
3755,751,7,2026-06-02,32,Te laat
3756,752,5,2026-01-26,9,Afwezig
3757,752,9,2026-01-13,9,Afwezig
3758,752,10,2026-03-01,9,Te laat
3759,752,7,2026-03-22,9,Afwezig
3760,752,8,2026-02-18,9,Afwezig
3761,753,5,2026-05-11,12,Te laat
3762,753,1,2026-04-17,12,Afwezig
3763,753,8,2026-01-20,12,Aanwezig
3764,753,9,2026-06-23,12,Te laat
3765,753,1,2026-06-20,12,Te laat
3766,754,6,2026-03-23,39,Te laat
3767,754,10,2026-03-31,39,Aanwezig
3768,754,7,2026-05-02,39,Aanwezig
3769,754,1,2026-04-26,39,Afwezig
3770,754,6,2026-03-19,39,Te laat
3771,755,8,2026-03-26,5,Aanwezig
3772,755,4,2026-03-10,5,Afwezig
3773,755,1,2026-01-06,5,Aanwezig
3774,755,7,2026-04-01,5,Aanwezig
3775,755,6,2026-04-01,5,Aanwezig
3776,756,8,2026-06-05,30,Aanwezig
3777,756,4,2026-04-08,30,Afwezig
3778,756,8,2026-02-07,30,Te laat
3779,756,10,2026-03-15,30,Afwezig
3780,756,9,2026-02-21,30,Afwezig
3781,757,8,2026-05-31,27,Te laat
3782,757,7,2026-06-03,27,Aanwezig
3783,757,1,2026-03-28,27,Aanwezig
3784,757,9,2026-06-21,27,Afwezig
3785,757,3,2026-05-13,27,Aanwezig
3786,758,6,2026-02-08,28,Afwezig
3787,758,8,2026-03-19,28,Te laat
3788,758,7,2026-05-05,28,Aanwezig
3789,758,10,2026-01-29,28,Te laat
3790,758,3,2026-05-08,28,Afwezig
3791,759,10,2026-01-27,23,Aanwezig
3792,759,2,2026-03-04,23,Te laat
3793,759,5,2026-04-10,23,Aanwezig
3794,759,8,2026-02-08,23,Afwezig
3795,759,6,2026-03-24,23,Afwezig
3796,760,1,2026-04-02,34,Te laat
3797,760,10,2026-01-25,34,Afwezig
3798,760,8,2026-01-28,34,Aanwezig
3799,760,10,2026-02-14,34,Te laat
3800,760,7,2026-06-30,34,Aanwezig
3801,761,2,2026-04-16,15,Aanwezig
3802,761,1,2026-03-25,15,Afwezig
3803,761,7,2026-05-04,15,Afwezig
3804,761,10,2026-04-02,15,Te laat
3805,761,10,2026-04-05,15,Afwezig
3806,762,2,2026-04-18,10,Afwezig
3807,762,6,2026-06-27,10,Afwezig
3808,762,10,2026-06-30,10,Te laat
3809,762,2,2026-06-19,10,Afwezig
3810,762,7,2026-03-16,10,Aanwezig
3811,763,1,2026-06-15,5,Afwezig
3812,763,2,2026-03-09,5,Aanwezig
3813,763,5,2026-04-21,5,Te laat
3814,763,9,2026-03-31,5,Te laat
3815,763,4,2026-04-27,5,Afwezig
3816,764,9,2026-01-16,28,Afwezig
3817,764,10,2026-03-26,28,Afwezig
3818,764,1,2026-04-04,28,Te laat
3819,764,10,2026-01-28,28,Te laat
3820,764,5,2026-01-02,28,Te laat
3821,765,1,2026-01-06,13,Aanwezig
3822,765,7,2026-04-16,13,Te laat
3823,765,1,2026-01-13,13,Te laat
3824,765,7,2026-02-19,13,Afwezig
3825,765,4,2026-03-20,13,Te laat
3826,766,9,2026-01-31,28,Te laat
3827,766,10,2026-01-13,28,Afwezig
3828,766,5,2026-03-25,28,Afwezig
3829,766,5,2026-06-21,28,Afwezig
3830,766,3,2026-04-05,28,Te laat
3831,767,6,2026-02-04,25,Afwezig
3832,767,8,2026-05-31,25,Aanwezig
3833,767,6,2026-05-13,25,Te laat
3834,767,10,2026-02-23,25,Te laat
3835,767,7,2026-03-24,25,Aanwezig
3836,768,5,2026-01-13,33,Te laat
3837,768,6,2026-02-05,33,Afwezig
3838,768,5,2026-06-06,33,Aanwezig
3839,768,6,2026-06-21,33,Te laat
3840,768,6,2026-04-17,33,Te laat
3841,769,1,2026-03-28,26,Te laat
3842,769,10,2026-06-24,26,Afwezig
3843,769,7,2026-01-29,26,Te laat
3844,769,3,2026-06-21,26,Aanwezig
3845,769,7,2026-04-22,26,Aanwezig
3846,770,1,2026-02-25,31,Te laat
3847,770,10,2026-01-26,31,Te laat
3848,770,3,2026-01-28,31,Te laat
3849,770,3,2026-02-10,31,Te laat
3850,770,6,2026-01-16,31,Afwezig
3851,771,6,2026-01-07,26,Aanwezig
3852,771,2,2026-04-22,26,Afwezig
3853,771,8,2026-06-28,26,Te laat
3854,771,1,2026-06-07,26,Aanwezig
3855,771,8,2026-02-08,26,Afwezig
3856,772,10,2026-05-13,23,Aanwezig
3857,772,3,2026-02-01,23,Te laat
3858,772,2,2026-06-15,23,Aanwezig
3859,772,8,2026-02-13,23,Te laat
3860,772,5,2026-02-08,23,Afwezig
3861,773,7,2026-01-09,27,Te laat
3862,773,5,2026-06-21,27,Te laat
3863,773,9,2026-04-29,27,Afwezig
3864,773,7,2026-04-02,27,Afwezig
3865,773,7,2026-06-04,27,Te laat
3866,774,6,2026-06-21,15,Te laat
3867,774,7,2026-05-31,15,Te laat
3868,774,5,2026-02-04,15,Te laat
3869,774,10,2026-03-13,15,Afwezig
3870,774,3,2026-05-30,15,Te laat
3871,775,4,2026-04-22,28,Aanwezig
3872,775,9,2026-03-01,28,Afwezig
3873,775,4,2026-02-02,28,Aanwezig
3874,775,10,2026-02-26,28,Afwezig
3875,775,4,2026-02-06,28,Afwezig
3876,776,7,2026-01-28,9,Afwezig
3877,776,8,2026-06-19,9,Afwezig
3878,776,3,2026-06-13,9,Te laat
3879,776,1,2026-02-12,9,Aanwezig
3880,776,5,2026-06-07,9,Aanwezig
3881,777,7,2026-05-26,36,Afwezig
3882,777,1,2026-01-18,36,Aanwezig
3883,777,1,2026-04-26,36,Afwezig
3884,777,7,2026-04-02,36,Te laat
3885,777,5,2026-05-08,36,Aanwezig
3886,778,6,2026-06-03,26,Te laat
3887,778,2,2026-02-06,26,Aanwezig
3888,778,7,2026-06-12,26,Te laat
3889,778,2,2026-03-20,26,Te laat
3890,778,10,2026-01-14,26,Aanwezig
3891,779,4,2026-02-22,20,Aanwezig
3892,779,7,2026-01-16,20,Afwezig
3893,779,5,2026-06-25,20,Te laat
3894,779,7,2026-05-10,20,Aanwezig
3895,779,3,2026-05-27,20,Aanwezig
3896,780,10,2026-01-26,38,Aanwezig
3897,780,8,2026-01-15,38,Afwezig
3898,780,7,2026-06-08,38,Aanwezig
3899,780,10,2026-03-11,38,Afwezig
3900,780,8,2026-05-20,38,Te laat
3901,781,2,2026-01-17,40,Aanwezig
3902,781,2,2026-03-09,40,Afwezig
3903,781,2,2026-06-11,40,Afwezig
3904,781,7,2026-04-19,40,Te laat
3905,781,7,2026-01-13,40,Aanwezig
3906,782,8,2026-06-19,10,Te laat
3907,782,1,2026-03-22,10,Afwezig
3908,782,7,2026-05-29,10,Te laat
3909,782,7,2026-04-26,10,Te laat
3910,782,4,2026-04-25,10,Afwezig
3911,783,6,2026-06-28,18,Te laat
3912,783,7,2026-01-23,18,Aanwezig
3913,783,3,2026-05-07,18,Te laat
3914,783,6,2026-01-25,18,Te laat
3915,783,2,2026-04-01,18,Afwezig
3916,784,4,2026-05-27,20,Te laat
3917,784,7,2026-04-08,20,Te laat
3918,784,4,2026-05-25,20,Te laat
3919,784,5,2026-06-20,20,Afwezig
3920,784,5,2026-05-06,20,Aanwezig
3921,785,10,2026-02-08,40,Te laat
3922,785,2,2026-02-03,40,Afwezig
3923,785,2,2026-05-04,40,Afwezig
3924,785,2,2026-06-05,40,Te laat
3925,785,6,2026-04-03,40,Aanwezig
3926,786,6,2026-06-28,26,Te laat
3927,786,7,2026-01-25,26,Te laat
3928,786,3,2026-06-16,26,Aanwezig
3929,786,8,2026-06-09,26,Aanwezig
3930,786,7,2026-03-05,26,Te laat
3931,787,8,2026-02-06,39,Aanwezig
3932,787,10,2026-01-30,39,Afwezig
3933,787,4,2026-03-03,39,Aanwezig
3934,787,5,2026-04-20,39,Afwezig
3935,787,7,2026-03-09,39,Afwezig
3936,788,3,2026-03-10,30,Aanwezig
3937,788,8,2026-05-02,30,Afwezig
3938,788,2,2026-05-19,30,Aanwezig
3939,788,1,2026-03-07,30,Te laat
3940,788,8,2026-01-09,30,Afwezig
3941,789,5,2026-05-02,33,Afwezig
3942,789,2,2026-01-28,33,Afwezig
3943,789,5,2026-04-28,33,Aanwezig
3944,789,3,2026-03-09,33,Te laat
3945,789,9,2026-02-25,33,Te laat
3946,790,8,2026-04-02,13,Te laat
3947,790,9,2026-06-13,13,Aanwezig
3948,790,1,2026-03-15,13,Te laat
3949,790,7,2026-01-11,13,Te laat
3950,790,1,2026-06-20,13,Aanwezig
3951,791,4,2026-04-27,27,Aanwezig
3952,791,3,2026-03-11,27,Te laat
3953,791,5,2026-04-06,27,Aanwezig
3954,791,3,2026-05-22,27,Aanwezig
3955,791,1,2026-05-23,27,Te laat
3956,792,1,2026-02-24,38,Afwezig
3957,792,3,2026-04-21,38,Afwezig
3958,792,9,2026-04-10,38,Aanwezig
3959,792,8,2026-06-11,38,Afwezig
3960,792,5,2026-06-19,38,Afwezig
3961,793,6,2026-05-07,3,Afwezig
3962,793,6,2026-06-02,3,Aanwezig
3963,793,8,2026-02-21,3,Afwezig
3964,793,6,2026-03-04,3,Te laat
3965,793,2,2026-01-01,3,Aanwezig
3966,794,8,2026-02-27,29,Te laat
3967,794,8,2026-01-19,29,Te laat
3968,794,7,2026-02-12,29,Afwezig
3969,794,3,2026-06-18,29,Afwezig
3970,794,10,2026-01-18,29,Afwezig
3971,795,1,2026-01-13,40,Te laat
3972,795,5,2026-05-21,40,Afwezig
3973,795,5,2026-04-12,40,Afwezig
3974,795,6,2026-01-03,40,Te laat
3975,795,9,2026-06-24,40,Aanwezig
3976,796,10,2026-06-09,9,Afwezig
3977,796,10,2026-02-22,9,Te laat
3978,796,7,2026-04-08,9,Te laat
3979,796,7,2026-05-09,9,Aanwezig
3980,796,8,2026-06-09,9,Afwezig
3981,797,3,2026-06-21,18,Afwezig
3982,797,10,2026-05-04,18,Aanwezig
3983,797,9,2026-02-19,18,Afwezig
3984,797,8,2026-01-20,18,Te laat
3985,797,10,2026-06-30,18,Afwezig
3986,798,8,2026-04-03,30,Te laat
3987,798,5,2026-03-01,30,Aanwezig
3988,798,2,2026-06-11,30,Te laat
3989,798,5,2026-03-27,30,Afwezig
3990,798,10,2026-05-16,30,Te laat
3991,799,1,2026-02-26,37,Afwezig
3992,799,6,2026-06-25,37,Aanwezig
3993,799,7,2026-04-17,37,Aanwezig
3994,799,6,2026-06-20,37,Afwezig
3995,799,2,2026-01-23,37,Afwezig
3996,800,7,2026-03-14,40,Te laat
3997,800,6,2026-05-30,40,Afwezig
3998,800,6,2026-06-11,40,Te laat
3999,800,4,2026-01-24,40,Afwezig
4000,800,7,2026-05-07,40,Te laat
4001,801,6,2026-05-15,23,Afwezig
4002,801,6,2026-01-20,23,Te laat
4003,801,9,2026-06-25,23,Afwezig
4004,801,2,2026-01-23,23,Te laat
4005,801,5,2026-05-14,23,Te laat
4006,802,10,2026-05-22,31,Afwezig
4007,802,2,2026-03-09,31,Aanwezig
4008,802,3,2026-04-24,31,Aanwezig
4009,802,5,2026-04-13,31,Afwezig
4010,802,7,2026-05-24,31,Aanwezig
4011,803,5,2026-05-23,35,Te laat
4012,803,2,2026-04-15,35,Aanwezig
4013,803,3,2026-04-30,35,Aanwezig
4014,803,5,2026-04-13,35,Te laat
4015,803,4,2026-06-15,35,Afwezig
4016,804,5,2026-05-19,21,Afwezig
4017,804,2,2026-06-23,21,Afwezig
4018,804,7,2026-01-25,21,Afwezig
4019,804,1,2026-06-14,21,Te laat
4020,804,3,2026-03-07,21,Afwezig
4021,805,9,2026-03-06,10,Afwezig
4022,805,4,2026-06-07,10,Aanwezig
4023,805,3,2026-02-23,10,Te laat
4024,805,10,2026-06-13,10,Afwezig
4025,805,2,2026-01-17,10,Aanwezig
4026,806,1,2026-05-23,19,Afwezig
4027,806,7,2026-03-29,19,Aanwezig
4028,806,1,2026-04-12,19,Afwezig
4029,806,7,2026-06-09,19,Afwezig
4030,806,8,2026-03-14,19,Afwezig
4031,807,1,2026-05-02,29,Afwezig
4032,807,8,2026-01-28,29,Afwezig
4033,807,3,2026-01-22,29,Afwezig
4034,807,10,2026-01-07,29,Te laat
4035,807,1,2026-03-31,29,Aanwezig
4036,808,1,2026-01-21,16,Aanwezig
4037,808,5,2026-02-27,16,Te laat
4038,808,7,2026-05-30,16,Aanwezig
4039,808,6,2026-04-11,16,Te laat
4040,808,6,2026-04-23,16,Afwezig
4041,809,5,2026-04-11,26,Aanwezig
4042,809,4,2026-02-11,26,Te laat
4043,809,6,2026-03-25,26,Afwezig
4044,809,6,2026-06-18,26,Aanwezig
4045,809,7,2026-02-06,26,Aanwezig
4046,810,4,2026-04-10,7,Afwezig
4047,810,10,2026-06-24,7,Afwezig
4048,810,4,2026-03-21,7,Aanwezig
4049,810,2,2026-03-11,7,Afwezig
4050,810,4,2026-01-20,7,Afwezig
4051,811,3,2026-03-03,19,Afwezig
4052,811,5,2026-02-24,19,Te laat
4053,811,7,2026-04-17,19,Afwezig
4054,811,4,2026-04-29,19,Aanwezig
4055,811,1,2026-03-24,19,Aanwezig
4056,812,3,2026-06-23,32,Aanwezig
4057,812,6,2026-06-07,32,Aanwezig
4058,812,4,2026-05-01,32,Te laat
4059,812,1,2026-06-30,32,Te laat
4060,812,8,2026-01-24,32,Aanwezig
4061,813,6,2026-03-01,13,Aanwezig
4062,813,1,2026-06-17,13,Aanwezig
4063,813,1,2026-04-11,13,Afwezig
4064,813,2,2026-03-24,13,Te laat
4065,813,3,2026-05-29,13,Afwezig
4066,814,5,2026-02-21,4,Afwezig
4067,814,2,2026-06-20,4,Te laat
4068,814,7,2026-01-19,4,Afwezig
4069,814,9,2026-03-24,4,Aanwezig
4070,814,6,2026-04-30,4,Te laat
4071,815,4,2026-03-17,28,Aanwezig
4072,815,10,2026-04-19,28,Aanwezig
4073,815,7,2026-06-21,28,Aanwezig
4074,815,7,2026-06-14,28,Afwezig
4075,815,5,2026-04-20,28,Afwezig
4076,816,10,2026-01-15,34,Te laat
4077,816,9,2026-05-15,34,Te laat
4078,816,5,2026-06-21,34,Te laat
4079,816,5,2026-03-04,34,Afwezig
4080,816,5,2026-01-14,34,Aanwezig
4081,817,2,2026-05-23,37,Aanwezig
4082,817,10,2026-04-12,37,Te laat
4083,817,9,2026-05-06,37,Afwezig
4084,817,3,2026-03-04,37,Te laat
4085,817,10,2026-04-25,37,Te laat
4086,818,1,2026-05-27,15,Aanwezig
4087,818,6,2026-03-24,15,Afwezig
4088,818,10,2026-01-16,15,Afwezig
4089,818,10,2026-06-22,15,Aanwezig
4090,818,8,2026-02-09,15,Aanwezig
4091,819,7,2026-03-10,36,Aanwezig
4092,819,10,2026-04-09,36,Afwezig
4093,819,8,2026-04-11,36,Aanwezig
4094,819,7,2026-04-17,36,Afwezig
4095,819,3,2026-06-10,36,Te laat
4096,820,8,2026-01-12,40,Te laat
4097,820,5,2026-06-29,40,Aanwezig
4098,820,7,2026-05-20,40,Aanwezig
4099,820,1,2026-01-02,40,Aanwezig
4100,820,4,2026-05-03,40,Afwezig
4101,821,7,2026-04-30,11,Afwezig
4102,821,7,2026-06-24,11,Te laat
4103,821,2,2026-04-11,11,Aanwezig
4104,821,3,2026-02-07,11,Aanwezig
4105,821,5,2026-03-27,11,Afwezig
4106,822,8,2026-02-17,17,Aanwezig
4107,822,5,2026-06-26,17,Te laat
4108,822,8,2026-04-17,17,Aanwezig
4109,822,5,2026-06-02,17,Aanwezig
4110,822,6,2026-01-15,17,Te laat
4111,823,10,2026-02-20,32,Aanwezig
4112,823,3,2026-02-02,32,Te laat
4113,823,9,2026-06-11,32,Aanwezig
4114,823,10,2026-06-01,32,Aanwezig
4115,823,6,2026-02-13,32,Te laat
4116,824,2,2026-06-14,38,Aanwezig
4117,824,4,2026-04-05,38,Aanwezig
4118,824,5,2026-05-28,38,Afwezig
4119,824,3,2026-04-25,38,Afwezig
4120,824,7,2026-02-05,38,Aanwezig
4121,825,10,2026-01-17,31,Te laat
4122,825,7,2026-03-30,31,Aanwezig
4123,825,1,2026-04-19,31,Te laat
4124,825,1,2026-06-05,31,Afwezig
4125,825,7,2026-02-20,31,Te laat
4126,826,4,2026-05-10,13,Aanwezig
4127,826,4,2026-02-22,13,Aanwezig
4128,826,8,2026-06-03,13,Te laat
4129,826,4,2026-01-08,13,Te laat
4130,826,8,2026-04-24,13,Afwezig
4131,827,5,2026-04-30,25,Te laat
4132,827,10,2026-06-06,25,Aanwezig
4133,827,8,2026-05-13,25,Te laat
4134,827,7,2026-03-10,25,Te laat
4135,827,6,2026-04-30,25,Afwezig
4136,828,6,2026-04-25,31,Afwezig
4137,828,3,2026-02-03,31,Aanwezig
4138,828,7,2026-05-06,31,Te laat
4139,828,7,2026-04-25,31,Aanwezig
4140,828,10,2026-05-21,31,Afwezig
4141,829,8,2026-03-16,16,Te laat
4142,829,1,2026-05-12,16,Te laat
4143,829,10,2026-04-02,16,Afwezig
4144,829,3,2026-01-24,16,Afwezig
4145,829,3,2026-02-14,16,Te laat
4146,830,10,2026-02-04,28,Aanwezig
4147,830,9,2026-05-26,28,Aanwezig
4148,830,3,2026-03-15,28,Aanwezig
4149,830,8,2026-01-02,28,Afwezig
4150,830,6,2026-06-03,28,Te laat
4151,831,6,2026-04-22,6,Aanwezig
4152,831,4,2026-06-12,6,Aanwezig
4153,831,5,2026-03-07,6,Te laat
4154,831,8,2026-05-01,6,Aanwezig
4155,831,6,2026-01-04,6,Aanwezig
4156,832,7,2026-03-28,9,Afwezig
4157,832,8,2026-02-02,9,Te laat
4158,832,8,2026-02-15,9,Te laat
4159,832,3,2026-03-30,9,Afwezig
4160,832,7,2026-04-28,9,Afwezig
4161,833,10,2026-02-28,35,Afwezig
4162,833,3,2026-04-11,35,Aanwezig
4163,833,8,2026-05-16,35,Afwezig
4164,833,9,2026-03-02,35,Afwezig
4165,833,5,2026-06-16,35,Aanwezig
4166,834,4,2026-03-07,16,Te laat
4167,834,2,2026-06-30,16,Te laat
4168,834,8,2026-05-12,16,Afwezig
4169,834,9,2026-04-21,16,Aanwezig
4170,834,1,2026-02-03,16,Aanwezig
4171,835,1,2026-03-13,24,Afwezig
4172,835,5,2026-04-05,24,Aanwezig
4173,835,8,2026-05-09,24,Aanwezig
4174,835,9,2026-06-06,24,Te laat
4175,835,6,2026-06-24,24,Aanwezig
4176,836,8,2026-01-13,39,Te laat
4177,836,6,2026-06-18,39,Aanwezig
4178,836,8,2026-03-21,39,Te laat
4179,836,8,2026-01-24,39,Te laat
4180,836,6,2026-02-24,39,Te laat
4181,837,5,2026-06-21,32,Aanwezig
4182,837,1,2026-03-31,32,Aanwezig
4183,837,9,2026-01-20,32,Aanwezig
4184,837,1,2026-04-11,32,Te laat
4185,837,9,2026-02-23,32,Te laat
4186,838,9,2026-02-18,12,Aanwezig
4187,838,7,2026-06-24,12,Afwezig
4188,838,3,2026-06-29,12,Afwezig
4189,838,5,2026-04-11,12,Te laat
4190,838,3,2026-01-16,12,Aanwezig
4191,839,10,2026-04-14,24,Aanwezig
4192,839,3,2026-03-19,24,Afwezig
4193,839,9,2026-06-23,24,Te laat
4194,839,8,2026-01-21,24,Aanwezig
4195,839,8,2026-02-20,24,Aanwezig
4196,840,10,2026-02-21,39,Te laat
4197,840,7,2026-03-21,39,Te laat
4198,840,10,2026-02-02,39,Te laat
4199,840,10,2026-05-17,39,Afwezig
4200,840,9,2026-04-08,39,Afwezig
4201,841,1,2026-05-06,29,Afwezig
4202,841,5,2026-03-02,29,Afwezig
4203,841,4,2026-01-18,29,Aanwezig
4204,841,5,2026-06-20,29,Aanwezig
4205,841,2,2026-02-28,29,Afwezig
4206,842,10,2026-01-01,31,Afwezig
4207,842,1,2026-06-18,31,Afwezig
4208,842,9,2026-02-05,31,Afwezig
4209,842,4,2026-02-06,31,Afwezig
4210,842,9,2026-02-26,31,Te laat
4211,843,9,2026-02-24,8,Aanwezig
4212,843,1,2026-01-20,8,Te laat
4213,843,4,2026-01-08,8,Te laat
4214,843,7,2026-02-17,8,Te laat
4215,843,2,2026-05-04,8,Aanwezig
4216,844,8,2026-04-19,39,Aanwezig
4217,844,6,2026-04-05,39,Aanwezig
4218,844,9,2026-05-30,39,Te laat
4219,844,10,2026-06-16,39,Te laat
4220,844,5,2026-01-11,39,Aanwezig
4221,845,10,2026-03-30,12,Te laat
4222,845,2,2026-05-08,12,Afwezig
4223,845,6,2026-04-04,12,Te laat
4224,845,2,2026-02-24,12,Aanwezig
4225,845,10,2026-01-04,12,Te laat
4226,846,6,2026-01-30,22,Te laat
4227,846,6,2026-06-01,22,Te laat
4228,846,2,2026-01-14,22,Aanwezig
4229,846,3,2026-03-18,22,Te laat
4230,846,3,2026-05-05,22,Te laat
4231,847,10,2026-03-08,32,Aanwezig
4232,847,8,2026-01-08,32,Te laat
4233,847,8,2026-01-06,32,Afwezig
4234,847,10,2026-06-19,32,Aanwezig
4235,847,3,2026-04-10,32,Te laat
4236,848,6,2026-02-01,10,Aanwezig
4237,848,5,2026-02-03,10,Aanwezig
4238,848,2,2026-01-04,10,Afwezig
4239,848,1,2026-01-10,10,Aanwezig
4240,848,6,2026-02-14,10,Te laat
4241,849,2,2026-04-05,18,Aanwezig
4242,849,7,2026-03-30,18,Te laat
4243,849,8,2026-05-14,18,Te laat
4244,849,9,2026-01-24,18,Aanwezig
4245,849,9,2026-05-03,18,Aanwezig
4246,850,3,2026-02-28,36,Te laat
4247,850,7,2026-04-10,36,Afwezig
4248,850,3,2026-03-04,36,Te laat
4249,850,7,2026-02-06,36,Afwezig
4250,850,6,2026-05-16,36,Te laat
4251,851,3,2026-05-17,4,Te laat
4252,851,3,2026-05-09,4,Te laat
4253,851,6,2026-06-16,4,Te laat
4254,851,7,2026-01-21,4,Afwezig
4255,851,2,2026-02-21,4,Te laat
4256,852,5,2026-01-11,22,Te laat
4257,852,3,2026-04-16,22,Afwezig
4258,852,5,2026-02-18,22,Te laat
4259,852,4,2026-06-30,22,Aanwezig
4260,852,5,2026-05-19,22,Aanwezig
4261,853,1,2026-02-05,12,Aanwezig
4262,853,6,2026-04-30,12,Aanwezig
4263,853,1,2026-05-21,12,Te laat
4264,853,10,2026-02-27,12,Afwezig
4265,853,2,2026-05-20,12,Afwezig
4266,854,4,2026-04-12,13,Te laat
4267,854,2,2026-04-17,13,Afwezig
4268,854,7,2026-05-16,13,Te laat
4269,854,4,2026-01-24,13,Te laat
4270,854,3,2026-06-28,13,Aanwezig
4271,855,2,2026-06-05,24,Te laat
4272,855,3,2026-06-10,24,Aanwezig
4273,855,6,2026-05-14,24,Afwezig
4274,855,5,2026-02-13,24,Afwezig
4275,855,3,2026-03-03,24,Te laat
4276,856,9,2026-06-24,40,Te laat
4277,856,5,2026-06-24,40,Aanwezig
4278,856,8,2026-01-29,40,Afwezig
4279,856,10,2026-01-16,40,Te laat
4280,856,7,2026-06-28,40,Aanwezig
4281,857,2,2026-03-26,12,Te laat
4282,857,1,2026-02-07,12,Aanwezig
4283,857,4,2026-01-29,12,Te laat
4284,857,5,2026-03-26,12,Aanwezig
4285,857,10,2026-03-01,12,Aanwezig
4286,858,1,2026-06-04,27,Te laat
4287,858,1,2026-06-29,27,Afwezig
4288,858,1,2026-02-06,27,Te laat
4289,858,6,2026-03-09,27,Afwezig
4290,858,9,2026-04-24,27,Te laat
4291,859,6,2026-01-13,24,Aanwezig
4292,859,10,2026-01-29,24,Afwezig
4293,859,5,2026-01-21,24,Aanwezig
4294,859,8,2026-05-02,24,Aanwezig
4295,859,7,2026-01-09,24,Afwezig
4296,860,6,2026-04-30,40,Aanwezig
4297,860,3,2026-01-13,40,Te laat
4298,860,6,2026-01-29,40,Te laat
4299,860,5,2026-04-27,40,Te laat
4300,860,8,2026-02-20,40,Afwezig
4301,861,1,2026-04-13,30,Afwezig
4302,861,10,2026-06-24,30,Te laat
4303,861,3,2026-02-22,30,Aanwezig
4304,861,7,2026-01-28,30,Aanwezig
4305,861,8,2026-06-22,30,Te laat
4306,862,2,2026-03-03,27,Te laat
4307,862,9,2026-01-30,27,Aanwezig
4308,862,9,2026-03-07,27,Aanwezig
4309,862,8,2026-01-18,27,Aanwezig
4310,862,2,2026-06-04,27,Aanwezig
4311,863,8,2026-04-30,2,Afwezig
4312,863,2,2026-02-26,2,Te laat
4313,863,6,2026-05-20,2,Afwezig
4314,863,4,2026-05-15,2,Te laat
4315,863,7,2026-02-07,2,Te laat
4316,864,2,2026-01-02,14,Afwezig
4317,864,10,2026-03-17,14,Aanwezig
4318,864,8,2026-04-25,14,Afwezig
4319,864,1,2026-03-25,14,Te laat
4320,864,9,2026-04-27,14,Te laat
4321,865,8,2026-01-04,21,Te laat
4322,865,6,2026-02-13,21,Afwezig
4323,865,2,2026-06-03,21,Afwezig
4324,865,10,2026-06-28,21,Afwezig
4325,865,8,2026-03-25,21,Aanwezig
4326,866,6,2026-05-04,20,Te laat
4327,866,5,2026-03-04,20,Te laat
4328,866,9,2026-02-01,20,Aanwezig
4329,866,8,2026-04-09,20,Aanwezig
4330,866,3,2026-04-14,20,Te laat
4331,867,9,2026-04-23,21,Te laat
4332,867,4,2026-01-06,21,Te laat
4333,867,8,2026-03-03,21,Te laat
4334,867,2,2026-03-22,21,Aanwezig
4335,867,3,2026-04-04,21,Aanwezig
4336,868,6,2026-03-12,14,Afwezig
4337,868,5,2026-02-24,14,Aanwezig
4338,868,1,2026-01-02,14,Aanwezig
4339,868,8,2026-01-31,14,Afwezig
4340,868,4,2026-04-24,14,Te laat
4341,869,7,2026-06-10,24,Afwezig
4342,869,3,2026-01-22,24,Aanwezig
4343,869,3,2026-01-17,24,Te laat
4344,869,2,2026-01-09,24,Afwezig
4345,869,1,2026-05-21,24,Aanwezig
4346,870,5,2026-02-08,5,Aanwezig
4347,870,7,2026-03-01,5,Afwezig
4348,870,5,2026-04-26,5,Afwezig
4349,870,3,2026-02-13,5,Te laat
4350,870,7,2026-01-13,5,Aanwezig
4351,871,7,2026-03-10,2,Aanwezig
4352,871,5,2026-01-19,2,Aanwezig
4353,871,1,2026-03-17,2,Afwezig
4354,871,1,2026-03-01,2,Afwezig
4355,871,5,2026-04-12,2,Afwezig
4356,872,1,2026-06-15,10,Aanwezig
4357,872,1,2026-01-30,10,Afwezig
4358,872,3,2026-04-25,10,Aanwezig
4359,872,4,2026-03-20,10,Aanwezig
4360,872,8,2026-03-06,10,Afwezig
4361,873,4,2026-03-18,38,Aanwezig
4362,873,8,2026-01-27,38,Aanwezig
4363,873,6,2026-01-29,38,Aanwezig
4364,873,8,2026-02-19,38,Aanwezig
4365,873,4,2026-04-16,38,Aanwezig
4366,874,9,2026-03-24,18,Afwezig
4367,874,6,2026-06-22,18,Afwezig
4368,874,5,2026-01-31,18,Te laat
4369,874,6,2026-04-28,18,Afwezig
4370,874,5,2026-03-15,18,Afwezig
4371,875,6,2026-05-13,4,Aanwezig
4372,875,9,2026-05-26,4,Afwezig
4373,875,6,2026-01-30,4,Afwezig
4374,875,6,2026-03-21,4,Afwezig
4375,875,3,2026-05-09,4,Afwezig
4376,876,7,2026-03-10,34,Te laat
4377,876,4,2026-03-04,34,Aanwezig
4378,876,8,2026-02-20,34,Afwezig
4379,876,4,2026-06-26,34,Afwezig
4380,876,9,2026-05-05,34,Afwezig
4381,877,1,2026-02-08,20,Afwezig
4382,877,1,2026-05-20,20,Afwezig
4383,877,7,2026-02-24,20,Afwezig
4384,877,7,2026-01-01,20,Afwezig
4385,877,1,2026-01-19,20,Aanwezig
4386,878,3,2026-03-17,39,Te laat
4387,878,8,2026-02-24,39,Te laat
4388,878,2,2026-05-20,39,Aanwezig
4389,878,7,2026-01-26,39,Te laat
4390,878,6,2026-02-21,39,Te laat
4391,879,3,2026-03-04,8,Afwezig
4392,879,4,2026-04-30,8,Aanwezig
4393,879,8,2026-06-05,8,Aanwezig
4394,879,2,2026-05-30,8,Afwezig
4395,879,8,2026-05-11,8,Aanwezig
4396,880,9,2026-06-22,5,Te laat
4397,880,5,2026-06-25,5,Aanwezig
4398,880,10,2026-05-24,5,Aanwezig
4399,880,5,2026-04-02,5,Te laat
4400,880,4,2026-04-18,5,Afwezig
4401,881,9,2026-06-01,13,Te laat
4402,881,2,2026-05-25,13,Te laat
4403,881,9,2026-01-21,13,Afwezig
4404,881,7,2026-03-02,13,Te laat
4405,881,1,2026-02-01,13,Aanwezig
4406,882,10,2026-06-12,25,Afwezig
4407,882,2,2026-03-23,25,Aanwezig
4408,882,10,2026-02-13,25,Te laat
4409,882,6,2026-05-29,25,Afwezig
4410,882,10,2026-01-17,25,Afwezig
4411,883,10,2026-04-21,36,Afwezig
4412,883,2,2026-06-26,36,Aanwezig
4413,883,10,2026-04-07,36,Te laat
4414,883,10,2026-01-22,36,Te laat
4415,883,8,2026-02-13,36,Aanwezig
4416,884,6,2026-02-13,18,Te laat
4417,884,8,2026-04-09,18,Aanwezig
4418,884,1,2026-03-24,18,Te laat
4419,884,3,2026-06-24,18,Afwezig
4420,884,1,2026-06-03,18,Te laat
4421,885,4,2026-05-04,3,Afwezig
4422,885,10,2026-02-01,3,Afwezig
4423,885,10,2026-03-01,3,Aanwezig
4424,885,9,2026-06-29,3,Aanwezig
4425,885,6,2026-05-27,3,Aanwezig
4426,886,1,2026-05-01,33,Aanwezig
4427,886,10,2026-05-10,33,Te laat
4428,886,3,2026-02-15,33,Aanwezig
4429,886,9,2026-04-29,33,Te laat
4430,886,6,2026-02-18,33,Afwezig
4431,887,6,2026-03-16,14,Aanwezig
4432,887,9,2026-06-14,14,Te laat
4433,887,4,2026-04-02,14,Aanwezig
4434,887,6,2026-04-28,14,Aanwezig
4435,887,10,2026-05-07,14,Afwezig
4436,888,2,2026-02-02,16,Aanwezig
4437,888,10,2026-02-17,16,Afwezig
4438,888,4,2026-01-23,16,Aanwezig
4439,888,4,2026-04-07,16,Aanwezig
4440,888,10,2026-02-16,16,Aanwezig
4441,889,10,2026-01-01,10,Afwezig
4442,889,5,2026-06-24,10,Te laat
4443,889,1,2026-03-14,10,Aanwezig
4444,889,8,2026-05-11,10,Afwezig
4445,889,1,2026-02-10,10,Afwezig
4446,890,3,2026-04-07,9,Afwezig
4447,890,2,2026-06-12,9,Aanwezig
4448,890,1,2026-05-23,9,Te laat
4449,890,7,2026-05-09,9,Te laat
4450,890,2,2026-03-16,9,Aanwezig
4451,891,5,2026-02-17,17,Te laat
4452,891,7,2026-05-14,17,Te laat
4453,891,8,2026-02-17,17,Te laat
4454,891,6,2026-06-09,17,Te laat
4455,891,3,2026-03-16,17,Afwezig
4456,892,2,2026-01-19,39,Te laat
4457,892,1,2026-02-15,39,Aanwezig
4458,892,8,2026-04-09,39,Te laat
4459,892,3,2026-02-13,39,Afwezig
4460,892,3,2026-04-25,39,Te laat
4461,893,9,2026-04-08,36,Afwezig
4462,893,10,2026-04-05,36,Te laat
4463,893,10,2026-05-27,36,Aanwezig
4464,893,8,2026-01-01,36,Aanwezig
4465,893,10,2026-02-24,36,Aanwezig
4466,894,5,2026-04-28,26,Aanwezig
4467,894,10,2026-03-05,26,Aanwezig
4468,894,3,2026-01-18,26,Aanwezig
4469,894,7,2026-03-04,26,Aanwezig
4470,894,3,2026-03-01,26,Te laat
4471,895,9,2026-05-18,9,Te laat
4472,895,3,2026-04-04,9,Te laat
4473,895,3,2026-06-03,9,Te laat
4474,895,3,2026-03-27,9,Te laat
4475,895,7,2026-06-06,9,Te laat
4476,896,6,2026-01-06,4,Aanwezig
4477,896,7,2026-03-31,4,Te laat
4478,896,1,2026-03-27,4,Aanwezig
4479,896,1,2026-02-09,4,Afwezig
4480,896,6,2026-02-10,4,Afwezig
4481,897,8,2026-02-17,9,Te laat
4482,897,9,2026-05-25,9,Te laat
4483,897,7,2026-03-26,9,Afwezig
4484,897,4,2026-02-01,9,Afwezig
4485,897,10,2026-02-03,9,Afwezig
4486,898,4,2026-02-13,4,Aanwezig
4487,898,6,2026-06-24,4,Te laat
4488,898,6,2026-06-16,4,Aanwezig
4489,898,4,2026-05-20,4,Afwezig
4490,898,5,2026-02-19,4,Aanwezig
4491,899,6,2026-06-21,10,Te laat
4492,899,3,2026-05-13,10,Te laat
4493,899,3,2026-01-09,10,Afwezig
4494,899,4,2026-04-30,10,Afwezig
4495,899,7,2026-05-10,10,Afwezig
4496,900,8,2026-01-15,38,Te laat
4497,900,3,2026-04-25,38,Te laat
4498,900,7,2026-05-06,38,Afwezig
4499,900,5,2026-04-29,38,Aanwezig
4500,900,1,2026-05-16,38,Afwezig
4501,901,6,2026-03-29,4,Aanwezig
4502,901,4,2026-04-07,4,Te laat
4503,901,6,2026-02-27,4,Afwezig
4504,901,9,2026-03-16,4,Te laat
4505,901,8,2026-06-04,4,Afwezig
4506,902,2,2026-06-23,23,Te laat
4507,902,2,2026-01-03,23,Te laat
4508,902,4,2026-03-31,23,Te laat
4509,902,10,2026-02-14,23,Aanwezig
4510,902,5,2026-05-26,23,Afwezig
4511,903,10,2026-04-16,4,Afwezig
4512,903,8,2026-02-04,4,Aanwezig
4513,903,5,2026-03-25,4,Afwezig
4514,903,8,2026-02-07,4,Afwezig
4515,903,8,2026-06-16,4,Afwezig
4516,904,6,2026-01-06,34,Te laat
4517,904,3,2026-03-18,34,Afwezig
4518,904,2,2026-03-31,34,Afwezig
4519,904,5,2026-04-22,34,Aanwezig
4520,904,9,2026-01-22,34,Aanwezig
4521,905,2,2026-03-11,12,Aanwezig
4522,905,8,2026-04-17,12,Te laat
4523,905,2,2026-03-13,12,Afwezig
4524,905,7,2026-06-09,12,Afwezig
4525,905,1,2026-06-29,12,Aanwezig
4526,906,3,2026-05-22,8,Te laat
4527,906,10,2026-06-21,8,Afwezig
4528,906,5,2026-06-24,8,Afwezig
4529,906,9,2026-06-08,8,Aanwezig
4530,906,8,2026-04-08,8,Afwezig
4531,907,1,2026-03-02,36,Aanwezig
4532,907,8,2026-03-17,36,Afwezig
4533,907,9,2026-01-11,36,Te laat
4534,907,9,2026-06-15,36,Aanwezig
4535,907,9,2026-02-01,36,Te laat
4536,908,4,2026-03-19,27,Te laat
4537,908,9,2026-04-17,27,Afwezig
4538,908,3,2026-02-19,27,Afwezig
4539,908,7,2026-06-13,27,Afwezig
4540,908,1,2026-01-04,27,Aanwezig
4541,909,4,2026-02-13,28,Aanwezig
4542,909,3,2026-05-13,28,Te laat
4543,909,7,2026-02-22,28,Te laat
4544,909,5,2026-05-16,28,Afwezig
4545,909,2,2026-04-03,28,Aanwezig
4546,910,8,2026-06-17,25,Aanwezig
4547,910,1,2026-02-27,25,Afwezig
4548,910,4,2026-04-23,25,Aanwezig
4549,910,7,2026-02-25,25,Afwezig
4550,910,10,2026-03-31,25,Aanwezig
4551,911,10,2026-02-15,12,Aanwezig
4552,911,1,2026-02-07,12,Te laat
4553,911,5,2026-02-25,12,Aanwezig
4554,911,8,2026-03-18,12,Afwezig
4555,911,4,2026-04-21,12,Aanwezig
4556,912,3,2026-04-03,14,Te laat
4557,912,6,2026-03-05,14,Afwezig
4558,912,3,2026-05-22,14,Te laat
4559,912,3,2026-01-08,14,Te laat
4560,912,10,2026-02-16,14,Aanwezig
4561,913,10,2026-06-26,19,Afwezig
4562,913,5,2026-03-14,19,Afwezig
4563,913,3,2026-01-09,19,Afwezig
4564,913,7,2026-04-05,19,Aanwezig
4565,913,5,2026-04-03,19,Aanwezig
4566,914,7,2026-06-14,6,Aanwezig
4567,914,6,2026-04-05,6,Aanwezig
4568,914,5,2026-02-05,6,Afwezig
4569,914,5,2026-03-12,6,Te laat
4570,914,2,2026-05-09,6,Te laat
4571,915,10,2026-04-28,14,Aanwezig
4572,915,9,2026-06-15,14,Afwezig
4573,915,2,2026-01-01,14,Afwezig
4574,915,5,2026-01-04,14,Aanwezig
4575,915,7,2026-06-07,14,Aanwezig
4576,916,9,2026-02-15,3,Afwezig
4577,916,7,2026-05-28,3,Afwezig
4578,916,1,2026-05-22,3,Te laat
4579,916,10,2026-05-13,3,Te laat
4580,916,7,2026-03-14,3,Afwezig
4581,917,10,2026-04-10,21,Afwezig
4582,917,7,2026-04-10,21,Afwezig
4583,917,9,2026-04-05,21,Afwezig
4584,917,4,2026-06-14,21,Aanwezig
4585,917,3,2026-05-15,21,Afwezig
4586,918,1,2026-01-22,2,Afwezig
4587,918,1,2026-03-13,2,Afwezig
4588,918,3,2026-05-11,2,Afwezig
4589,918,8,2026-02-09,2,Te laat
4590,918,10,2026-03-21,2,Te laat
4591,919,3,2026-05-19,32,Afwezig
4592,919,1,2026-01-13,32,Te laat
4593,919,1,2026-02-15,32,Aanwezig
4594,919,5,2026-02-17,32,Aanwezig
4595,919,5,2026-04-07,32,Aanwezig
4596,920,1,2026-04-09,29,Afwezig
4597,920,1,2026-02-28,29,Te laat
4598,920,2,2026-05-03,29,Afwezig
4599,920,4,2026-05-29,29,Afwezig
4600,920,7,2026-03-07,29,Aanwezig
4601,921,1,2026-06-17,32,Aanwezig
4602,921,1,2026-01-14,32,Aanwezig
4603,921,10,2026-02-05,32,Te laat
4604,921,5,2026-03-05,32,Afwezig
4605,921,10,2026-01-19,32,Aanwezig
4606,922,9,2026-06-17,40,Afwezig
4607,922,5,2026-05-28,40,Te laat
4608,922,5,2026-06-21,40,Te laat
4609,922,7,2026-01-20,40,Aanwezig
4610,922,9,2026-04-27,40,Te laat
4611,923,1,2026-02-15,6,Te laat
4612,923,2,2026-02-19,6,Aanwezig
4613,923,8,2026-05-16,6,Te laat
4614,923,2,2026-01-12,6,Te laat
4615,923,4,2026-05-01,6,Aanwezig
4616,924,10,2026-02-21,4,Te laat
4617,924,8,2026-06-27,4,Te laat
4618,924,2,2026-01-02,4,Afwezig
4619,924,1,2026-01-05,4,Te laat
4620,924,10,2026-03-03,4,Te laat
4621,925,8,2026-03-01,1,Te laat
4622,925,7,2026-02-14,1,Te laat
4623,925,2,2026-04-24,1,Te laat
4624,925,8,2026-04-07,1,Te laat
4625,925,10,2026-04-17,1,Afwezig
4626,926,9,2026-01-28,26,Afwezig
4627,926,6,2026-06-07,26,Aanwezig
4628,926,5,2026-05-15,26,Afwezig
4629,926,6,2026-03-09,26,Te laat
4630,926,7,2026-02-11,26,Afwezig
4631,927,9,2026-05-09,39,Afwezig
4632,927,5,2026-05-24,39,Afwezig
4633,927,5,2026-04-30,39,Aanwezig
4634,927,3,2026-04-10,39,Afwezig
4635,927,9,2026-03-23,39,Afwezig
4636,928,4,2026-02-10,15,Aanwezig
4637,928,8,2026-03-20,15,Afwezig
4638,928,9,2026-06-07,15,Afwezig
4639,928,5,2026-02-14,15,Aanwezig
4640,928,10,2026-04-22,15,Afwezig
4641,929,10,2026-05-20,5,Te laat
4642,929,1,2026-03-06,5,Te laat
4643,929,9,2026-04-20,5,Te laat
4644,929,8,2026-02-10,5,Afwezig
4645,929,3,2026-02-13,5,Afwezig
4646,930,1,2026-01-22,24,Afwezig
4647,930,1,2026-05-24,24,Te laat
4648,930,2,2026-01-13,24,Aanwezig
4649,930,6,2026-03-14,24,Aanwezig
4650,930,8,2026-03-23,24,Aanwezig
4651,931,5,2026-02-19,8,Afwezig
4652,931,10,2026-03-04,8,Aanwezig
4653,931,3,2026-02-11,8,Aanwezig
4654,931,3,2026-06-01,8,Te laat
4655,931,9,2026-04-25,8,Aanwezig
4656,932,3,2026-01-25,40,Aanwezig
4657,932,5,2026-06-08,40,Afwezig
4658,932,5,2026-06-17,40,Aanwezig
4659,932,9,2026-03-09,40,Te laat
4660,932,5,2026-04-11,40,Aanwezig
4661,933,2,2026-01-02,17,Te laat
4662,933,9,2026-03-01,17,Aanwezig
4663,933,9,2026-02-22,17,Aanwezig
4664,933,7,2026-02-14,17,Aanwezig
4665,933,2,2026-06-21,17,Aanwezig
4666,934,8,2026-02-02,4,Afwezig
4667,934,9,2026-01-12,4,Aanwezig
4668,934,6,2026-02-24,4,Te laat
4669,934,1,2026-03-01,4,Te laat
4670,934,4,2026-04-21,4,Te laat
4671,935,2,2026-04-17,16,Aanwezig
4672,935,7,2026-01-19,16,Afwezig
4673,935,6,2026-03-26,16,Aanwezig
4674,935,4,2026-06-22,16,Afwezig
4675,935,5,2026-06-02,16,Aanwezig
4676,936,8,2026-03-28,27,Te laat
4677,936,6,2026-04-05,27,Aanwezig
4678,936,2,2026-03-19,27,Afwezig
4679,936,10,2026-05-09,27,Te laat
4680,936,10,2026-02-07,27,Aanwezig
4681,937,4,2026-03-26,10,Afwezig
4682,937,6,2026-02-12,10,Te laat
4683,937,2,2026-06-19,10,Afwezig
4684,937,8,2026-01-20,10,Afwezig
4685,937,8,2026-05-20,10,Aanwezig
4686,938,9,2026-05-24,36,Aanwezig
4687,938,9,2026-01-14,36,Aanwezig
4688,938,6,2026-01-11,36,Te laat
4689,938,6,2026-02-02,36,Afwezig
4690,938,8,2026-06-17,36,Te laat
4691,939,2,2026-02-25,37,Te laat
4692,939,9,2026-01-31,37,Aanwezig
4693,939,1,2026-05-07,37,Te laat
4694,939,5,2026-04-03,37,Afwezig
4695,939,3,2026-02-08,37,Afwezig
4696,940,6,2026-03-07,13,Te laat
4697,940,8,2026-02-14,13,Afwezig
4698,940,5,2026-05-13,13,Afwezig
4699,940,7,2026-06-04,13,Te laat
4700,940,2,2026-06-15,13,Afwezig
4701,941,2,2026-02-08,39,Afwezig
4702,941,5,2026-05-28,39,Aanwezig
4703,941,3,2026-04-28,39,Aanwezig
4704,941,8,2026-06-24,39,Aanwezig
4705,941,2,2026-06-25,39,Afwezig
4706,942,4,2026-05-09,36,Te laat
4707,942,4,2026-05-20,36,Te laat
4708,942,9,2026-02-27,36,Afwezig
4709,942,2,2026-02-22,36,Te laat
4710,942,7,2026-01-16,36,Afwezig
4711,943,3,2026-01-10,11,Aanwezig
4712,943,5,2026-04-02,11,Te laat
4713,943,9,2026-04-10,11,Te laat
4714,943,6,2026-01-25,11,Te laat
4715,943,7,2026-04-03,11,Aanwezig
4716,944,2,2026-04-20,4,Afwezig
4717,944,8,2026-05-21,4,Afwezig
4718,944,1,2026-01-08,4,Aanwezig
4719,944,10,2026-03-29,4,Te laat
4720,944,3,2026-02-14,4,Afwezig
4721,945,6,2026-04-22,23,Aanwezig
4722,945,3,2026-04-08,23,Aanwezig
4723,945,10,2026-05-28,23,Te laat
4724,945,9,2026-06-08,23,Aanwezig
4725,945,9,2026-01-13,23,Aanwezig
4726,946,8,2026-04-21,8,Aanwezig
4727,946,9,2026-06-03,8,Aanwezig
4728,946,10,2026-01-28,8,Aanwezig
4729,946,5,2026-06-08,8,Aanwezig
4730,946,5,2026-06-24,8,Te laat
4731,947,2,2026-06-21,1,Aanwezig
4732,947,8,2026-01-14,1,Te laat
4733,947,3,2026-04-12,1,Te laat
4734,947,3,2026-02-12,1,Te laat
4735,947,6,2026-05-03,1,Afwezig
4736,948,4,2026-06-09,29,Te laat
4737,948,5,2026-04-12,29,Afwezig
4738,948,4,2026-04-25,29,Te laat
4739,948,7,2026-01-29,29,Afwezig
4740,948,8,2026-01-24,29,Afwezig
4741,949,6,2026-04-16,8,Afwezig
4742,949,10,2026-04-21,8,Te laat
4743,949,8,2026-03-05,8,Aanwezig
4744,949,8,2026-04-04,8,Te laat
4745,949,2,2026-03-02,8,Afwezig
4746,950,4,2026-05-11,10,Te laat
4747,950,10,2026-03-07,10,Te laat
4748,950,10,2026-03-02,10,Te laat
4749,950,8,2026-03-04,10,Te laat
4750,950,5,2026-05-16,10,Aanwezig
4751,951,9,2026-03-13,20,Aanwezig
4752,951,2,2026-01-22,20,Aanwezig
4753,951,4,2026-02-22,20,Afwezig
4754,951,5,2026-04-16,20,Te laat
4755,951,10,2026-01-10,20,Aanwezig
4756,952,4,2026-01-24,1,Afwezig
4757,952,3,2026-06-10,1,Aanwezig
4758,952,4,2026-05-26,1,Aanwezig
4759,952,2,2026-02-11,1,Aanwezig
4760,952,1,2026-01-26,1,Aanwezig
4761,953,5,2026-03-08,24,Aanwezig
4762,953,2,2026-02-17,24,Te laat
4763,953,6,2026-06-19,24,Afwezig
4764,953,7,2026-01-17,24,Aanwezig
4765,953,5,2026-06-24,24,Afwezig
4766,954,9,2026-04-21,7,Te laat
4767,954,6,2026-04-25,7,Afwezig
4768,954,7,2026-02-03,7,Aanwezig
4769,954,10,2026-03-23,7,Te laat
4770,954,2,2026-05-09,7,Te laat
4771,955,7,2026-02-09,11,Aanwezig
4772,955,8,2026-06-22,11,Afwezig
4773,955,8,2026-01-28,11,Te laat
4774,955,3,2026-05-22,11,Aanwezig
4775,955,4,2026-04-24,11,Afwezig
4776,956,4,2026-05-27,12,Te laat
4777,956,5,2026-03-05,12,Te laat
4778,956,5,2026-03-17,12,Te laat
4779,956,4,2026-03-16,12,Aanwezig
4780,956,7,2026-06-15,12,Te laat
4781,957,8,2026-06-09,18,Afwezig
4782,957,9,2026-01-09,18,Te laat
4783,957,2,2026-06-20,18,Afwezig
4784,957,7,2026-04-24,18,Te laat
4785,957,2,2026-01-20,18,Afwezig
4786,958,9,2026-03-07,15,Te laat
4787,958,7,2026-06-23,15,Afwezig
4788,958,10,2026-05-25,15,Afwezig
4789,958,10,2026-03-06,15,Afwezig
4790,958,5,2026-06-01,15,Afwezig
4791,959,3,2026-05-06,28,Aanwezig
4792,959,7,2026-05-24,28,Te laat
4793,959,8,2026-02-16,28,Te laat
4794,959,1,2026-05-20,28,Afwezig
4795,959,2,2026-05-04,28,Aanwezig
4796,960,8,2026-06-21,1,Aanwezig
4797,960,7,2026-02-01,1,Afwezig
4798,960,10,2026-05-30,1,Te laat
4799,960,3,2026-02-11,1,Aanwezig
4800,960,1,2026-02-17,1,Afwezig
4801,961,2,2026-03-03,30,Afwezig
4802,961,5,2026-02-25,30,Te laat
4803,961,9,2026-02-24,30,Afwezig
4804,961,9,2026-05-06,30,Te laat
4805,961,4,2026-05-18,30,Afwezig
4806,962,8,2026-01-10,4,Afwezig
4807,962,2,2026-02-12,4,Afwezig
4808,962,9,2026-02-12,4,Aanwezig
4809,962,3,2026-03-09,4,Afwezig
4810,962,8,2026-06-15,4,Aanwezig
4811,963,1,2026-06-08,6,Te laat
4812,963,1,2026-03-30,6,Afwezig
4813,963,1,2026-06-07,6,Aanwezig
4814,963,10,2026-01-02,6,Aanwezig
4815,963,3,2026-06-05,6,Afwezig
4816,964,4,2026-01-19,17,Aanwezig
4817,964,4,2026-01-08,17,Afwezig
4818,964,1,2026-03-05,17,Aanwezig
4819,964,4,2026-06-06,17,Te laat
4820,964,7,2026-01-20,17,Aanwezig
4821,965,9,2026-02-02,36,Afwezig
4822,965,5,2026-02-25,36,Afwezig
4823,965,9,2026-05-19,36,Te laat
4824,965,1,2026-04-26,36,Te laat
4825,965,3,2026-01-04,36,Aanwezig
4826,966,3,2026-02-07,36,Aanwezig
4827,966,5,2026-05-23,36,Aanwezig
4828,966,8,2026-04-21,36,Aanwezig
4829,966,6,2026-06-10,36,Aanwezig
4830,966,4,2026-03-14,36,Afwezig
4831,967,5,2026-05-27,2,Te laat
4832,967,5,2026-04-06,2,Afwezig
4833,967,4,2026-02-18,2,Afwezig
4834,967,2,2026-01-12,2,Afwezig
4835,967,6,2026-06-09,2,Aanwezig
4836,968,7,2026-05-17,16,Aanwezig
4837,968,1,2026-04-25,16,Aanwezig
4838,968,5,2026-02-19,16,Aanwezig
4839,968,9,2026-04-11,16,Aanwezig
4840,968,5,2026-02-14,16,Te laat
4841,969,3,2026-04-14,22,Te laat
4842,969,9,2026-06-01,22,Te laat
4843,969,9,2026-02-06,22,Afwezig
4844,969,1,2026-04-12,22,Te laat
4845,969,4,2026-04-24,22,Afwezig
4846,970,4,2026-06-14,40,Afwezig
4847,970,7,2026-01-16,40,Afwezig
4848,970,9,2026-06-22,40,Te laat
4849,970,1,2026-06-12,40,Afwezig
4850,970,2,2026-01-29,40,Te laat
4851,971,4,2026-03-05,21,Aanwezig
4852,971,8,2026-03-31,21,Aanwezig
4853,971,7,2026-01-29,21,Te laat
4854,971,8,2026-05-27,21,Afwezig
4855,971,9,2026-06-08,21,Te laat
4856,972,3,2026-03-03,20,Afwezig
4857,972,8,2026-03-20,20,Afwezig
4858,972,1,2026-04-19,20,Afwezig
4859,972,10,2026-03-14,20,Afwezig
4860,972,1,2026-03-11,20,Te laat
4861,973,10,2026-05-13,10,Aanwezig
4862,973,1,2026-03-08,10,Aanwezig
4863,973,3,2026-05-10,10,Te laat
4864,973,2,2026-05-19,10,Afwezig
4865,973,4,2026-01-11,10,Te laat
4866,974,6,2026-01-27,6,Aanwezig
4867,974,6,2026-06-04,6,Aanwezig
4868,974,1,2026-03-30,6,Aanwezig
4869,974,10,2026-06-12,6,Afwezig
4870,974,4,2026-06-23,6,Te laat
4871,975,9,2026-03-26,18,Te laat
4872,975,3,2026-06-25,18,Aanwezig
4873,975,2,2026-03-13,18,Aanwezig
4874,975,5,2026-05-23,18,Aanwezig
4875,975,2,2026-01-31,18,Aanwezig
4876,976,10,2026-05-02,38,Te laat
4877,976,2,2026-03-22,38,Afwezig
4878,976,4,2026-03-19,38,Aanwezig
4879,976,6,2026-03-24,38,Te laat
4880,976,3,2026-03-19,38,Te laat
4881,977,7,2026-03-25,17,Aanwezig
4882,977,4,2026-01-06,17,Te laat
4883,977,10,2026-03-25,17,Afwezig
4884,977,4,2026-06-04,17,Afwezig
4885,977,10,2026-03-15,17,Te laat
4886,978,2,2026-03-09,28,Te laat
4887,978,5,2026-05-31,28,Te laat
4888,978,10,2026-02-14,28,Te laat
4889,978,8,2026-01-29,28,Te laat
4890,978,10,2026-06-15,28,Aanwezig
4891,979,6,2026-04-02,29,Aanwezig
4892,979,3,2026-04-08,29,Afwezig
4893,979,4,2026-02-10,29,Aanwezig
4894,979,6,2026-05-06,29,Aanwezig
4895,979,6,2026-04-09,29,Te laat
4896,980,6,2026-01-10,35,Aanwezig
4897,980,8,2026-06-28,35,Afwezig
4898,980,8,2026-05-24,35,Afwezig
4899,980,2,2026-06-07,35,Afwezig
4900,980,7,2026-04-24,35,Te laat
4901,981,1,2026-01-14,39,Te laat
4902,981,2,2026-01-27,39,Afwezig
4903,981,6,2026-06-02,39,Te laat
4904,981,1,2026-01-10,39,Afwezig
4905,981,3,2026-06-15,39,Aanwezig
4906,982,3,2026-04-27,35,Afwezig
4907,982,6,2026-05-01,35,Aanwezig
4908,982,9,2026-01-29,35,Te laat
4909,982,8,2026-06-02,35,Aanwezig
4910,982,1,2026-01-16,35,Afwezig
4911,983,5,2026-02-07,22,Te laat
4912,983,9,2026-05-26,22,Afwezig
4913,983,7,2026-02-21,22,Te laat
4914,983,4,2026-01-19,22,Afwezig
4915,983,10,2026-02-26,22,Te laat
4916,984,4,2026-01-15,3,Te laat
4917,984,3,2026-05-13,3,Afwezig
4918,984,4,2026-04-19,3,Aanwezig
4919,984,5,2026-03-06,3,Aanwezig
4920,984,6,2026-02-12,3,Te laat
4921,985,3,2026-02-16,31,Afwezig
4922,985,9,2026-02-05,31,Aanwezig
4923,985,2,2026-02-21,31,Aanwezig
4924,985,10,2026-02-28,31,Aanwezig
4925,985,4,2026-06-02,31,Aanwezig
4926,986,8,2026-05-08,35,Afwezig
4927,986,3,2026-03-05,35,Aanwezig
4928,986,2,2026-01-30,35,Aanwezig
4929,986,6,2026-01-24,35,Aanwezig
4930,986,3,2026-04-11,35,Afwezig
4931,987,8,2026-04-28,22,Afwezig
4932,987,3,2026-05-27,22,Aanwezig
4933,987,5,2026-06-12,22,Te laat
4934,987,1,2026-02-16,22,Te laat
4935,987,10,2026-04-26,22,Afwezig
4936,988,7,2026-06-14,20,Te laat
4937,988,2,2026-03-18,20,Aanwezig
4938,988,8,2026-01-23,20,Te laat
4939,988,9,2026-05-20,20,Aanwezig
4940,988,9,2026-02-19,20,Te laat
4941,989,10,2026-03-12,16,Te laat
4942,989,9,2026-04-30,16,Afwezig
4943,989,9,2026-04-12,16,Afwezig
4944,989,4,2026-03-20,16,Aanwezig
4945,989,3,2026-05-02,16,Aanwezig
4946,990,10,2026-01-18,32,Te laat
4947,990,7,2026-01-17,32,Afwezig
4948,990,7,2026-05-06,32,Te laat
4949,990,9,2026-01-14,32,Afwezig
4950,990,7,2026-01-05,32,Te laat
4951,991,8,2026-02-26,31,Afwezig
4952,991,7,2026-05-07,31,Aanwezig
4953,991,7,2026-02-08,31,Afwezig
4954,991,1,2026-04-21,31,Afwezig
4955,991,3,2026-04-24,31,Afwezig
4956,992,6,2026-02-12,39,Afwezig
4957,992,8,2026-04-04,39,Te laat
4958,992,3,2026-03-31,39,Afwezig
4959,992,8,2026-04-12,39,Te laat
4960,992,10,2026-05-16,39,Aanwezig
4961,993,3,2026-03-28,14,Aanwezig
4962,993,1,2026-02-21,14,Te laat
4963,993,1,2026-01-27,14,Afwezig
4964,993,2,2026-05-22,14,Aanwezig
4965,993,8,2026-05-27,14,Te laat
4966,994,7,2026-03-03,33,Te laat
4967,994,9,2026-05-13,33,Afwezig
4968,994,10,2026-02-08,33,Aanwezig
4969,994,4,2026-01-09,33,Afwezig
4970,994,5,2026-05-12,33,Afwezig
4971,995,2,2026-04-29,3,Aanwezig
4972,995,8,2026-04-22,3,Te laat
4973,995,8,2026-02-09,3,Afwezig
4974,995,6,2026-05-11,3,Aanwezig
4975,995,10,2026-03-24,3,Te laat
4976,996,7,2026-04-17,37,Aanwezig
4977,996,1,2026-01-06,37,Afwezig
4978,996,8,2026-05-03,37,Aanwezig
4979,996,8,2026-05-07,37,Aanwezig
4980,996,7,2026-06-30,37,Afwezig
4981,997,7,2026-01-07,7,Te laat
4982,997,5,2026-02-23,7,Aanwezig
4983,997,6,2026-04-27,7,Te laat
4984,997,7,2026-01-31,7,Aanwezig
4985,997,7,2026-02-01,7,Te laat
4986,998,5,2026-03-03,27,Afwezig
4987,998,7,2026-01-03,27,Aanwezig
4988,998,10,2026-06-05,27,Te laat
4989,998,5,2026-06-08,27,Te laat
4990,998,9,2026-04-28,27,Afwezig
4991,999,9,2026-05-19,16,Afwezig
4992,999,3,2026-01-12,16,Afwezig
4993,999,2,2026-03-13,16,Aanwezig
4994,999,6,2026-04-25,16,Aanwezig
4995,999,7,2026-01-10,16,Afwezig
4996,1000,1,2026-01-08,13,Aanwezig
4997,1000,10,2026-05-17,13,Afwezig
4998,1000,4,2026-01-09,13,Aanwezig
4999,1000,6,2026-03-18,13,Afwezig
5000,1000,7,2026-04-29,13,Te laat
